Symbol,"Expiry
Date","Last
Price",Change,"Chge
%","High
Low","Average
Price","Vol - Shares
 								Contracts","Value
(Rs. Lakh)","Open
Interest",Open Int Chg
IDEA,29-Mar-23,6.55,0.15,2.34%,"6.80
 								6.40",6.61,"121,940,000
 								1,742","8,060.23","399,210,000","-19,460,000
 -4.65%"
GAIL,29-Mar-23,106.00,0.30,0.28%,"108.35
 								103.35",105.94,"68,743,950
 								7,513","72,827.34","75,286,200","3,650,850
 5.10%"
IDFCFIRSTB,29-Mar-23,56.15,0.40,0.72%,"56.55
 								55.85",56.20,"59,235,000
 								3,949","33,290.07","140,445,000","-12,675,000
 -8.28%"
PNB,29-Mar-23,47.95,-0.05,-0.10%,"48.55
 								47.85",48.09,"47,776,000
 								2,986","22,975.48","182,112,000","-11,200,000
 -5.79%"
IDEA,27-Apr-23,6.60,0.15,2.33%,"6.85
 								6.45",6.66,"46,690,000
 								667","3,109.55","125,090,000","16,590,000
 15.29%"
IDFC,29-Mar-23,81.05,1.65,2.08%,"82.00
 								79.50",81.16,"45,410,000
 								4,541","36,854.76","151,330,000","-4,760,000
 -3.05%"
BANKBARODA,29-Mar-23,167.05,3.40,2.08%,"168.40
 								163.65",166.65,"41,441,400
 								7,084","69,062.09","77,758,200","-10,260,900
 -11.66%"
IDFCFIRSTB,27-Apr-23,55.95,0.20,0.36%,"56.50
 								55.60",56.04,"35,205,000
 								2,347","19,728.88","50,760,000","15,510,000
 44.00%"
TATASTEEL,29-Mar-23,105.10,-0.10,-0.10%,"106.25
 								104.50",105.36,"31,141,000
 								5,662","32,810.16","180,631,000","-5,225,000
 -2.81%"
GMRINFRA,29-Mar-23,39.65,-0.30,-0.75%,"40.45
 								39.65",40.00,"26,595,000
 								1,182","10,638.00","112,230,000","-2,385,000
 -2.08%"
PNB,27-Apr-23,48.30,0.00,0.00%,"48.80
 								48.20",48.37,"24,688,000
 								1,543","11,941.59","41,312,000","10,704,000
 34.97%"
HDFCBANK,29-Mar-23,"1,581.40",-4.05,-0.26%,"1,591.70
 								1,571.60","1,578.38","23,381,050
 								42,511","369,041.82","56,459,700","-9,672,300
 -14.63%"
SBIN,29-Mar-23,523.55,-1.15,-0.22%,"528.90
 								522.50",525.76,"22,536,000
 								15,024","118,485.27","74,365,500","-1,552,500
 -2.04%"
IDFC,27-Apr-23,81.70,1.85,2.32%,"82.55
 								79.95",81.70,"21,340,000
 								2,134","17,434.78","24,370,000","14,530,000
 147.66%"
ICICIBANK,29-Mar-23,860.40,6.00,0.70%,"862.85
 								852.85",857.74,"21,200,900
 								30,287","181,848.60","59,978,800","-7,128,100
 -10.62%"
ABCAPITAL,29-Mar-23,156.70,3.20,2.08%,"158.00
 								152.40",155.80,"19,720,800
 								3,652","30,725.01","33,037,200","-1,614,600
 -4.66%"
SAIL,29-Mar-23,84.40,-2.10,-2.43%,"86.60
 								83.80",85.10,"19,440,000
 								2,430","16,543.44","99,480,000","40,000
 0.04%"
BHEL,29-Mar-23,74.20,-2.00,-2.62%,"77.00
 								74.15",75.05,"19,320,000
 								1,840","14,499.66","64,522,500","-787,500
 -1.21%"
GMRINFRA,27-Apr-23,39.90,-0.30,-0.75%,"40.70
 								39.85",40.26,"17,145,000
 								762","6,902.58","29,137,500","10,147,500
 53.44%"
GAIL,27-Apr-23,106.55,0.30,0.28%,"108.85
 								103.85",106.29,"16,323,600
 								1,784","17,350.35","9,863,700","3,348,900
 51.40%"
VEDL,29-Mar-23,285.30,0.65,0.23%,"288.15
 								280.35",285.11,"15,116,000
 								7,558","43,097.23","34,872,000","-2,584,000
 -6.90%"
ASHOKLEY,29-Mar-23,138.40,2.30,1.69%,"139.40
 								136.65",138.51,"14,935,000
 								2,987","20,686.47","62,150,000","-1,885,000
 -2.94%"
BANDHANBNK,29-Mar-23,211.55,7.65,3.75%,"213.10
 								204.55",210.42,"14,877,000
 								8,265","31,304.18","41,796,000","509,400
 1.23%"
NTPC,29-Mar-23,174.90,-2.45,-1.38%,"177.95
 								174.50",175.55,"14,392,500
 								2,525","25,266.03","63,127,500","-3,670,800
 -5.50%"
NMDC,29-Mar-23,111.90,0.00,0.00%,"113.30
 								111.60",112.42,"13,819,500
 								3,071","15,535.88","49,374,000","-135,000
 -0.27%"
AXISBANK,29-Mar-23,853.40,-4.15,-0.48%,"863.20
 								850.70",855.01,"13,471,200
 								11,226","115,180.11","46,076,400","-3,448,800
 -6.96%"
MANAPPURAM,29-Mar-23,119.90,2.70,2.30%,"120.75
 								117.40",119.43,"13,272,000
 								2,212","15,850.75","34,980,000","78,000
 0.22%"
FEDERALBNK,29-Mar-23,129.60,0.25,0.19%,"129.90
 								128.50",129.29,"12,875,000
 								2,575","16,646.09","58,495,000","-575,000
 -0.97%"
MOTHERSON,29-Mar-23,65.60,-0.30,-0.46%,"66.70
 								65.20",65.96,"12,447,000
 								1,844","8,210.04","63,348,750","513,000
 0.82%"
RECLTD,29-Mar-23,118.75,-0.40,-0.34%,"120.35
 								118.50",119.39,"12,192,000
 								1,524","14,556.03","55,664,000","-400,000
 -0.71%"
CANBK,29-Mar-23,285.10,0.40,0.14%,"289.00
 								284.35",286.50,"11,850,300
 								4,389","33,951.11","38,337,300","-704,700
 -1.80%"
HDFCBANK,27-Apr-23,"1,589.70",-4.25,-0.27%,"1,596.15
 								1,581.00","1,588.22","11,491,700
 								20,894","182,513.48","18,516,300","9,922,550
 115.46%"
ZEEL,29-Mar-23,214.50,0.30,0.14%,"218.00
 								211.90",214.31,"11,379,000
 								3,793","24,386.33","64,920,000","-3,192,000
 -4.69%"
PFC,29-Mar-23,154.80,0.00,0.00%,"156.90
 								154.00",155.24,"10,862,400
 								1,752","16,862.79","58,032,000","-1,023,000
 -1.73%"
RBLBANK,29-Mar-23,143.70,1.80,1.27%,"145.80
 								142.05",144.28,"10,645,000
 								2,129","15,358.61","33,920,000","-640,000
 -1.85%"
KOTAKBANK,29-Mar-23,"1,708.00",-3.45,-0.20%,"1,717.70
 								1,697.40","1,705.78","10,350,000
 								25,875","176,548.23","34,058,800","-2,310,000
 -6.35%"
TATAPOWER,29-Mar-23,201.50,-1.45,-0.71%,"204.00
 								201.20",202.31,"10,280,250
 								3,046","20,797.97","86,423,625","-239,625
 -0.28%"
COALINDIA,29-Mar-23,215.00,-3.10,-1.42%,"217.75
 								214.15",215.18,"9,874,200
 								2,351","21,247.30","34,511,400","840,000
 2.49%"
M&MFIN,29-Mar-23,230.05,-0.35,-0.15%,"237.15
 								229.60",233.67,"9,836,000
 								2,459","22,983.78","24,296,000","1,076,000
 4.63%"
IOC,29-Mar-23,79.65,-0.30,-0.38%,"80.15
 								79.25",79.71,"9,798,750
 								1,005","7,810.58","70,492,500","-897,000
 -1.26%"
NATIONALUM,29-Mar-23,77.90,-1.30,-1.64%,"79.30
 								77.75",78.35,"9,697,500
 								1,293","7,597.99","44,640,000","-630,000
 -1.39%"
HINDALCO,29-Mar-23,392.95,2.45,0.63%,"397.40
 								389.10",393.74,"9,564,800
 								6,832","37,660.44","25,442,200","-964,600
 -3.65%"
INDUSINDBK,29-Mar-23,"1,034.25",7.60,0.74%,"1,046.75
 								1,025.75","1,037.01","8,810,550
 								19,579","91,366.28","25,605,450","-3,616,200
 -12.38%"
BANKBARODA,27-Apr-23,167.95,3.35,2.04%,"169.15
 								164.75",167.66,"8,242,650
 								1,409","13,819.63","12,676,950","1,269,450
 11.13%"
RELIANCE,29-Mar-23,"2,278.00",2.65,0.12%,"2,294.40
 								2,273.25","2,283.85","8,124,000
 								32,496","185,539.97","36,901,500","-1,822,500
 -4.71%"
L&TFH,29-Mar-23,85.90,0.15,0.17%,"87.20
 								85.75",86.44,"7,986,980
 								895","6,903.95","66,653,356","-883,476
 -1.31%"
SAIL,27-Apr-23,84.95,-2.05,-2.36%,"87.25
 								84.30",85.51,"7,904,000
 								988","6,758.71","11,048,000","3,200,000
 40.77%"
TATAMOTORS,29-Mar-23,417.30,2.65,0.64%,"419.45
 								415.15",417.38,"7,901,625
 								5,545","32,979.80","50,980,800","-1,782,675
 -3.38%"
TATASTEEL,27-Apr-23,105.75,-0.15,-0.14%,"106.90
 								105.25",106.18,"7,881,500
 								1,433","8,368.58","27,956,500","3,690,500
 15.21%"
AMBUJACEM,29-Mar-23,374.00,1.10,0.29%,"378.60
 								372.15",375.03,"7,468,200
 								4,149","28,007.99","56,718,000","-1,875,600
 -3.20%"
INFY,29-Mar-23,"1,396.15",-1.45,-0.10%,"1,413.05
 								1,387.50","1,397.48","7,257,200
 								18,143","101,417.92","33,019,200","-632,000
 -1.88%"
DLF,29-Mar-23,368.00,-0.50,-0.14%,"372.05
 								367.65",370.02,"6,972,900
 								4,226","25,801.12","40,350,750","-681,450
 -1.66%"
BPCL,29-Mar-23,352.95,-6.55,-1.82%,"360.45
 								351.80",354.11,"6,748,200
 								3,749","23,896.05","13,645,800","-64,800
 -0.47%"
ITC,29-Mar-23,378.00,-0.25,-0.07%,"378.55
 								374.90",377.19,"6,721,600
 								4,201","25,353.20","51,163,200","-1,296,000
 -2.47%"
BEL,29-Mar-23,92.35,-0.55,-0.59%,"93.50
 								92.05",92.55,"6,646,200
 								1,166","6,151.06","103,683,000","-1,077,300
 -1.03%"
HDFCLIFE,29-Mar-23,498.20,13.10,2.70%,"498.85
 								485.10",494.93,"6,491,100
 								5,901","32,126.40","20,854,900","-1,166,000
 -5.29%"
TATAPOWER,27-Apr-23,202.85,-1.45,-0.71%,"205.55
 								202.55",203.56,"6,456,375
 								1,913","13,142.60","12,177,000","4,144,500
 51.60%"
ABCAPITAL,27-Apr-23,157.50,3.20,2.07%,"158.70
 								153.25",156.45,"6,382,800
 								1,182","9,985.89","3,904,200","1,296,000
 49.69%"
MOTHERSON,27-Apr-23,65.95,-0.35,-0.53%,"67.10
 								65.65",66.52,"6,345,000
 								940","4,220.69","11,799,000","2,018,250
 20.63%"
NIFTY,29-Mar-23,"17,183.30",23.15,0.13%,"17,238.00
 								17,142.10","17,185.32","5,440,550
 								108,811","934,975.93","11,553,150","-741,950
 -6.03%"
ICICIBANK,27-Apr-23,865.80,6.30,0.73%,"867.45
 								858.00",862.99,"5,439,700
 								7,771","46,944.07","8,160,600","2,941,400
 56.36%"
NATIONALUM,27-Apr-23,78.10,-1.30,-1.64%,"79.40
 								77.95",78.58,"5,385,000
 								718","4,231.53","8,932,500","2,002,500
 28.90%"
MFSL,29-Mar-23,648.00,14.95,2.36%,"674.25
 								635.55",654.62,"5,235,100
 								8,054","34,270.01","4,122,300","-215,800
 -4.97%"
MANAPPURAM,27-Apr-23,120.55,2.70,2.29%,"121.50
 								118.10",120.18,"4,884,000
 								814","5,869.59","5,592,000","2,412,000
 75.85%"
BANDHANBNK,27-Apr-23,212.75,7.60,3.70%,"214.15
 								205.80",211.59,"4,854,600
 								2,697","10,271.85","5,266,800","1,053,000
 24.99%"
POWERGRID,29-Mar-23,224.45,0.15,0.07%,"225.55
 								221.70",223.58,"4,676,400
 								1,732","10,455.50","25,042,500","-340,200
 -1.34%"
ICICIPRULI,29-Mar-23,428.60,10.45,2.50%,"431.90
 								419.80",427.92,"4,545,000
 								3,030","19,448.96","15,297,000","-426,000
 -2.71%"
WIPRO,29-Mar-23,368.30,0.35,0.10%,"370.80
 								366.75",368.29,"4,531,500
 								3,021","16,689.06","31,797,000","-421,500
 -1.31%"
ZEEL,27-Apr-23,215.70,0.10,0.05%,"219.20
 								213.30",215.18,"4,518,000
 								1,506","9,721.83","10,863,000","2,769,000
 34.21%"
BHARTIARTL,29-Mar-23,760.15,0.45,0.06%,"764.30
 								756.10",759.37,"4,475,450
 								4,711","33,985.22","36,251,050","-1,691,950
 -4.46%"
HDFC,29-Mar-23,"2,585.25",-6.30,-0.24%,"2,597.00
 								2,572.65","2,581.71","4,440,600
 								14,802","114,643.41","19,772,400","-2,109,900
 -9.64%"
JUBLFOOD,29-Mar-23,448.05,1.10,0.25%,"450.30
 								435.65",444.47,"4,376,250
 								3,501","19,451.12","13,493,750","-185,000
 -1.35%"
ONGC,29-Mar-23,152.35,0.00,0.00%,"153.20
 								151.10",152.15,"4,354,350
 								1,131","6,625.14","30,268,700","-411,950
 -1.34%"
COALINDIA,27-Apr-23,215.90,-3.15,-1.44%,"218.75
 								214.90",216.01,"4,275,600
 								1,018","9,235.72","5,434,800","1,549,800
 39.89%"
INDUSTOWER,29-Mar-23,151.60,-1.05,-0.69%,"153.75
 								150.95",152.12,"4,261,600
 								1,522","6,482.75","25,096,400","-627,200
 -2.44%"
GRASIM,29-Mar-23,"1,614.00",0.20,0.01%,"1,618.55
 								1,603.00","1,610.39","4,218,475
 								8,881","67,933.90","7,321,175","-3,530,200
 -32.53%"
BHEL,27-Apr-23,74.70,-2.00,-2.61%,"77.20
 								74.65",75.52,"4,105,500
 								391","3,100.47","7,885,500","1,774,500
 29.04%"
ABFRL,29-Mar-23,217.50,-1.30,-0.59%,"221.90
 								216.70",218.82,"4,102,800
 								1,578","8,977.75","20,563,400","-785,200
 -3.68%"
AXISBANK,27-Apr-23,858.70,-3.90,-0.45%,"868.05
 								855.80",858.93,"4,100,400
 								3,417","35,219.57","5,190,000","3,008,400
 137.90%"
PFC,27-Apr-23,153.80,0.15,0.10%,"155.65
 								153.05",154.21,"4,048,600
 								653","6,243.35","8,450,600","-24,800
 -0.29%"
VEDL,27-Apr-23,286.95,0.60,0.21%,"289.80
 								282.70",286.84,"4,048,000
 								2,024","11,611.28","4,730,000","1,884,000
 66.20%"
SBIN,27-Apr-23,526.40,-1.25,-0.24%,"531.70
 								525.45",528.55,"3,988,500
 								2,659","21,081.22","10,560,000","1,168,500
 12.44%"
IEX,29-Mar-23,150.20,-0.75,-0.50%,"151.70
 								149.60",150.53,"3,915,000
 								1,044","5,893.25","34,076,250","-780,000
 -2.24%"
KOTAKBANK,27-Apr-23,"1,718.70",-3.45,-0.20%,"1,725.30
 								1,708.95","1,717.42","3,908,000
 								9,770","67,116.77","10,162,800","3,392,400
 50.11%"
INDHOTEL,29-Mar-23,316.15,-3.35,-1.05%,"320.90
 								313.10",316.70,"3,792,000
 								1,896","12,009.26","21,236,000","-280,000
 -1.30%"
GRASIM,27-Apr-23,"1,625.55",2.80,0.17%,"1,628.20
 								1,614.05","1,620.51","3,733,025
 								7,859","60,494.04","3,826,600","3,538,275
 1,227.18%"
TATAMOTORS,27-Apr-23,419.60,2.60,0.62%,"421.75
 								417.65",419.57,"3,648,000
 								2,560","15,305.91","7,692,150","1,779,825
 30.10%"
INDUSINDBK,27-Apr-23,"1,040.00",8.05,0.78%,"1,052.50
 								1,032.75","1,043.34","3,639,150
 								8,087","37,968.71","4,694,400","2,788,650
 146.33%"
JINDALSTEL,29-Mar-23,557.50,-3.10,-0.55%,"566.75
 								557.05",560.95,"3,556,250
 								2,845","19,948.78","14,665,000","-528,750
 -3.48%"
NTPC,27-Apr-23,176.15,-2.25,-1.26%,"178.50
 								175.50",176.60,"3,534,000
 								620","6,241.04","5,141,400","1,664,400
 47.87%"
BAJAJFINSV,29-Mar-23,"1,295.55",20.90,1.64%,"1,319.80
 								1,272.25","1,302.22","3,433,500
 								6,867","44,711.72","8,698,000","-381,000
 -4.20%"
MUTHOOTFIN,29-Mar-23,966.55,-3.65,-0.38%,"974.40
 								960.50",968.61,"3,432,000
 								6,240","33,242.70","7,707,700","6,600
 0.09%"
IOC,27-Apr-23,80.35,-0.10,-0.12%,"80.60
 								79.80",80.22,"3,373,500
 								346","2,706.22","9,555,000","1,560,000
 19.51%"
ADANIPORTS,29-Mar-23,658.45,-10.00,-1.50%,"672.15
 								657.20",662.65,"3,310,000
 								5,296","21,933.72","34,230,625","-606,875
 -1.74%"
ASHOKLEY,27-Apr-23,139.40,2.50,1.83%,"140.20
 								137.35",139.33,"3,235,000
 								647","4,507.33","6,950,000","790,000
 12.82%"
RECLTD,27-Apr-23,119.50,-0.25,-0.21%,"120.90
 								119.30",120.08,"3,176,000
 								397","3,813.74","5,016,000","808,000
 19.20%"
APOLLOTYRE,29-Mar-23,315.85,-2.35,-0.74%,"320.35
 								314.15",317.41,"3,174,500
 								907","10,076.18","13,436,500","-98,000
 -0.72%"
INDIACEM,29-Mar-23,182.05,1.00,0.55%,"183.60
 								180.80",182.18,"3,161,000
 								1,090","5,758.71","16,483,600","-234,900
 -1.41%"
SBILIFE,29-Mar-23,"1,114.95",12.00,1.09%,"1,128.90
 								1,104.80","1,118.81","3,106,500
 								4,142","34,755.83","5,752,500","-448,500
 -7.23%"
BANKNIFTY,29-Mar-23,"40,093.05",46.20,0.12%,"40,198.00
 								39,971.00","40,083.78","3,057,000
 								122,280","1,225,361.15","2,334,750","-247,000
 -9.57%"
FEDERALBNK,27-Apr-23,130.30,0.40,0.31%,"130.50
 								129.15",129.98,"3,050,000
 								610","3,964.39","5,615,000","1,255,000
 28.78%"
FSL,29-Mar-23,111.85,0.80,0.72%,"113.35
 								111.60",112.40,"2,995,200
 								576","3,366.60","13,327,600","-234,000
 -1.73%"
UPL,29-Mar-23,715.30,3.90,0.55%,"717.95
 								712.85",715.45,"2,983,500
 								2,295","21,345.45","12,953,200","-1,757,600
 -11.95%"
HINDPETRO,29-Mar-23,245.60,-0.30,-0.12%,"246.80
 								243.85",245.13,"2,964,600
 								1,098","7,267.12","19,253,700","-429,300
 -2.18%"
BEL,27-Apr-23,92.95,-0.50,-0.54%,"94.00
 								92.60",93.09,"2,946,900
 								517","2,743.27","8,857,800","1,601,700
 22.07%"
PETRONET,29-Mar-23,233.30,-1.85,-0.79%,"238.60
 								232.30",234.41,"2,910,000
 								970","6,821.33","12,339,000","-96,000
 -0.77%"
LICHSGFIN,29-Mar-23,341.95,-3.40,-0.98%,"346.60
 								340.80",343.24,"2,906,000
 								1,453","9,974.55","12,246,000","358,000
 3.01%"
AUROPHARMA,29-Mar-23,480.20,10.25,2.18%,"480.70
 								466.75",475.51,"2,905,000
 								2,905","13,813.57","12,370,000","-219,000
 -1.74%"
INFY,27-Apr-23,"1,403.70",-1.85,-0.13%,"1,421.05
 								1,395.75","1,404.51","2,860,800
 								7,152","40,180.22","6,095,200","1,663,600
 37.54%"
NMDC,27-Apr-23,112.65,0.10,0.09%,"114.10
 								112.35",113.17,"2,848,500
 								633","3,223.65","7,092,000","1,147,500
 19.30%"
M&M,29-Mar-23,"1,169.85",3.80,0.33%,"1,183.55
 								1,164.10","1,173.57","2,786,000
 								3,980","32,695.66","13,860,000","44,800
 0.32%"
CIPLA,29-Mar-23,866.75,1.95,0.23%,"868.50
 								853.50",858.89,"2,766,400
 								4,256","23,760.33","15,000,050","-240,500
 -1.58%"
RBLBANK,27-Apr-23,144.75,1.95,1.37%,"146.50
 								142.95",145.05,"2,700,000
 								540","3,916.35","4,940,000","760,000
 18.18%"
AUBANK,29-Mar-23,582.35,2.45,0.42%,"586.65
 								577.05",582.96,"2,598,000
 								2,598","15,145.30","13,133,000","-215,000
 -1.61%"
LT,29-Mar-23,"2,207.80",-4.60,-0.21%,"2,241.85
 								2,206.25","2,224.99","2,532,600
 								8,442","56,350.10","7,427,100","-177,600
 -2.34%"
CANBK,27-Apr-23,287.05,0.65,0.23%,"290.65
 								286.40",288.22,"2,527,200
 								936","7,283.90","4,203,900","426,600
 11.29%"
HDFC,27-Apr-23,"2,603.30",-5.15,-0.20%,"2,612.00
 								2,589.35","2,597.89","2,462,700
 								8,209","63,978.24","4,125,000","2,302,800
 126.37%"
ABFRL,27-Apr-23,218.45,-1.95,-0.88%,"223.25
 								218.20",219.92,"2,462,200
 								947","5,414.87","5,109,000","1,755,000
 52.33%"
BHARTIARTL,27-Apr-23,764.50,0.45,0.06%,"768.85
 								760.80",763.64,"2,439,600
 								2,568","18,629.76","4,033,700","1,753,700
 76.92%"
HCLTECH,29-Mar-23,"1,084.60",-4.25,-0.39%,"1,107.15
 								1,081.75","1,089.27","2,366,000
 								3,380","25,772.13","9,562,700","-196,000
 -2.01%"
ADANIENT,29-Mar-23,"1,814.00",-20.15,-1.10%,"1,855.00
 								1,809.00","1,829.88","2,336,750
 								9,347","42,759.72","7,932,500","-212,500
 -2.61%"
CUB,29-Mar-23,129.55,0.45,0.35%,"130.85
 								128.40",129.99,"2,335,000
 								467","3,035.27","13,845,000","-320,000
 -2.26%"
CHOLAFIN,29-Mar-23,749.00,-9.10,-1.20%,"762.95
 								747.95",756.45,"2,323,750
 								1,859","17,578.01","9,626,250","-47,500
 -0.49%"
JSWSTEEL,29-Mar-23,663.95,-4.45,-0.67%,"673.30
 								661.10",666.12,"2,316,600
 								1,716","15,431.34","22,383,000","59,400
 0.27%"
BERGEPAINT,29-Mar-23,590.85,-2.60,-0.44%,"599.65
 								589.05",592.72,"2,284,700
 								2,077","13,541.87","7,106,000","204,600
 2.96%"
MUTHOOTFIN,27-Apr-23,954.05,-2.50,-0.26%,"961.00
 								948.05",956.45,"2,211,000
 								4,020","21,147.11","1,939,850","1,025,200
 112.09%"
IGL,29-Mar-23,441.15,-1.70,-0.38%,"443.90
 								437.05",440.09,"2,142,250
 								1,558","9,427.83","11,771,375","-11,000
 -0.09%"
WIPRO,27-Apr-23,369.45,-0.25,-0.07%,"372.35
 								368.45",369.92,"2,130,000
 								1,420","7,879.30","7,231,500","864,000
 13.57%"
HINDCOPPER,29-Mar-23,98.55,-0.15,-0.15%,"100.10
 								97.90",99.00,"2,102,400
 								438","2,081.38","17,985,600","129,600
 0.73%"
UPL,27-Apr-23,721.15,5.45,0.76%,"722.50
 								717.20",720.12,"2,000,700
 								1,539","14,407.44","3,051,100","1,674,400
 121.62%"
L&TFH,27-Apr-23,86.40,0.10,0.12%,"87.75
 								86.35",86.94,"1,981,128
 								222","1,722.39","5,961,232","722,844
 13.80%"
IDFCFIRSTB,25-May-23,56.00,0.15,0.27%,"56.50
 								55.50",55.92,"1,965,000
 								131","1,098.83","2,565,000","615,000
 31.54%"
TATACONSUM,29-Mar-23,711.25,8.70,1.24%,"719.30
 								704.10",713.65,"1,937,700
 								2,153","13,828.40","10,036,800","60,300
 0.60%"
DELTACORP,29-Mar-23,193.40,-3.45,-1.75%,"198.50
 								193.40",195.70,"1,937,600
 								692","3,791.88","14,310,800","-366,800
 -2.50%"
ITC,27-Apr-23,380.05,-0.25,-0.07%,"380.65
 								377.05",379.32,"1,916,800
 								1,198","7,270.81","8,312,000","464,000
 5.91%"
M&MFIN,27-Apr-23,231.05,-0.05,-0.02%,"237.50
 								230.90",233.79,"1,888,000
 								472","4,413.96","1,660,000","328,000
 24.62%"
TECHM,29-Mar-23,"1,101.20",4.60,0.42%,"1,110.80
 								1,097.15","1,103.44","1,854,600
 								3,091","20,464.40","10,285,200","-137,400
 -1.32%"
RELIANCE,27-Apr-23,"2,291.45",2.50,0.11%,"2,307.50
 								2,286.80","2,297.95","1,785,500
 								7,142","41,029.90","7,180,750","331,500
 4.84%"
BAJFINANCE,29-Mar-23,"5,840.55",114.85,2.01%,"5,871.00
 								5,739.70","5,831.74","1,748,250
 								13,986","101,953.39","4,931,125","-95,750
 -1.90%"
HINDALCO,27-Apr-23,395.05,2.30,0.59%,"399.70
 								391.80",395.96,"1,695,400
 								1,211","6,713.11","2,627,800","327,600
 14.24%"
HDFCLIFE,27-Apr-23,500.50,13.05,2.68%,"501.45
 								488.90",497.40,"1,675,300
 								1,523","8,332.94","2,114,200","295,900
 16.27%"
SUNPHARMA,29-Mar-23,974.45,15.75,1.64%,"975.50
 								959.40",968.30,"1,661,800
 								2,374","16,091.21","17,991,400","-46,200
 -0.26%"
INDUSTOWER,27-Apr-23,149.35,-1.35,-0.90%,"151.65
 								148.60",149.96,"1,654,800
 								591","2,481.54","5,535,600","610,400
 12.39%"
IEX,27-Apr-23,151.05,-0.80,-0.53%,"152.50
 								150.45",151.23,"1,646,250
 								439","2,489.62","4,788,750","360,000
 8.13%"
BSOFT,29-Mar-23,272.75,3.70,1.38%,"275.35
 								271.05",273.49,"1,628,000
 								814","4,452.42","6,582,000","-280,000
 -4.08%"
TVSMOTOR,29-Mar-23,"1,057.50",4.10,0.39%,"1,077.80
 								1,053.70","1,064.97","1,624,700
 								2,321","17,302.57","5,413,800","-76,300
 -1.39%"
EXIDEIND,29-Mar-23,178.35,-0.25,-0.14%,"180.70
 								177.85",179.27,"1,623,600
 								451","2,910.63","14,317,200","-176,400
 -1.22%"
BPCL,27-Apr-23,354.85,-6.10,-1.69%,"361.60
 								353.70",356.11,"1,598,400
 								888","5,692.06","1,535,400","111,600
 7.84%"
SBICARD,29-Mar-23,726.40,9.55,1.33%,"728.10
 								715.55",722.42,"1,589,600
 								1,987","11,483.59","8,627,200","-119,200
 -1.36%"
VOLTAS,29-Mar-23,846.95,6.50,0.77%,"851.75
 								836.55",845.12,"1,548,000
 								2,580","13,082.46","4,765,800","-453,000
 -8.68%"
POWERGRID,27-Apr-23,226.00,0.40,0.18%,"226.80
 								223.05",224.97,"1,530,900
 								567","3,444.07","5,562,000","575,100
 11.53%"
ZYDUSLIFE,29-Mar-23,480.40,1.20,0.25%,"483.55
 								474.85",479.67,"1,519,200
 								844","7,287.15","6,084,000","-9,000
 -0.15%"
PEL,29-Mar-23,674.40,-7.50,-1.10%,"690.20
 								672.85",681.42,"1,499,300
 								2,726","10,216.53","8,516,200","-183,150
 -2.11%"
DLF,27-Apr-23,370.35,-0.40,-0.11%,"374.10
 								370.05",372.28,"1,483,350
 								899","5,522.22","4,177,800","452,100
 12.13%"
GODREJCP,29-Mar-23,953.05,7.40,0.78%,"957.20
 								943.60",952.26,"1,479,000
 								1,479","14,083.93","5,232,000","-297,000
 -5.37%"
CANFINHOME,29-Mar-23,549.65,15.45,2.89%,"551.50
 								536.20",546.51,"1,448,850
 								1,486","7,918.11","3,533,400","143,325
 4.23%"
DABUR,29-Mar-23,540.20,6.35,1.19%,"542.90
 								532.15",539.29,"1,448,750
 								1,159","7,812.96","10,231,250","-147,500
 -1.42%"
HDFCBANK,25-May-23,"1,593.65",-2.55,-0.16%,"1,597.75
 								1,585.00","1,588.43","1,418,450
 								2,579","22,531.09","1,639,000","1,398,650
 581.92%"
BHARATFORG,29-Mar-23,785.80,4.05,0.52%,"794.90
 								783.15",786.16,"1,372,000
 								1,372","10,786.12","7,219,000","-220,000
 -2.96%"
BERGEPAINT,27-Apr-23,590.80,-1.85,-0.31%,"597.70
 								588.00",591.13,"1,360,700
 								1,237","8,043.51","2,343,000","1,002,100
 74.73%"
JUBLFOOD,27-Apr-23,450.45,1.05,0.23%,"452.30
 								438.50",447.92,"1,343,750
 								1,075","6,018.93","2,758,750","497,500
 22.00%"
GNFC,29-Mar-23,536.30,-0.15,-0.03%,"544.25
 								535.65",539.06,"1,341,600
 								1,032","7,232.03","6,925,100","-302,900
 -4.19%"
RAIN,29-Mar-23,156.10,0.55,0.35%,"157.45
 								155.20",156.23,"1,312,500
 								375","2,050.52","11,046,000","-161,000
 -1.44%"
TCS,29-Mar-23,"3,136.00",15.35,0.49%,"3,149.10
 								3,114.00","3,132.55","1,244,775
 								7,113","38,993.20","10,390,100","-155,400
 -1.47%"
AMBUJACEM,27-Apr-23,376.40,1.00,0.27%,"380.75
 								374.70",377.07,"1,236,600
 								687","4,662.85","6,012,000","543,600
 9.94%"
SUNTV,29-Mar-23,433.40,1.45,0.34%,"439.80
 								430.30",435.52,"1,203,000
 								802","5,239.31","8,692,500","34,500
 0.40%"
IDEA,25-May-23,6.65,0.15,2.31%,"6.80
 								6.60",6.69,"1,190,000
 								17",79.61,"9,870,000","-210,000
 -2.08%"
GLENMARK,29-Mar-23,436.45,-2.40,-0.55%,"439.80
 								434.20",436.70,"1,178,850
 								813","5,148.04","4,742,950","-124,700
 -2.56%"
LUPIN,29-Mar-23,663.55,12.15,1.87%,"664.00
 								649.70",657.51,"1,175,550
 								1,383","7,729.36","6,743,050","-193,800
 -2.79%"
PNB,25-May-23,48.65,0.05,0.10%,"49.05
 								48.50",48.75,"1,120,000
 								70",546.00,"2,672,000","512,000
 23.70%"
BALRAMCHIN,29-Mar-23,365.30,-0.85,-0.23%,"371.40
 								363.60",367.14,"1,107,200
 								692","4,064.97","4,942,400","-112,000
 -2.22%"
LICHSGFIN,27-Apr-23,343.95,-3.15,-0.91%,"348.25
 								342.85",345.32,"1,094,000
 								547","3,777.80","2,164,000","716,000
 49.45%"
MFSL,27-Apr-23,651.00,16.95,2.67%,"675.80
 								639.15",657.11,"1,093,300
 								1,682","7,184.18","817,700","586,950
 254.37%"
JINDALSTEL,27-Apr-23,561.55,-2.70,-0.48%,"570.40
 								560.60",564.45,"1,083,750
 								867","6,117.23","7,225,000","472,500
 7.00%"
INDIACEM,27-Apr-23,183.30,1.25,0.69%,"184.50
 								182.00",183.29,"1,026,600
 								354","1,881.66","2,267,800","493,000
 27.78%"
HINDCOPPER,27-Apr-23,99.45,0.10,0.10%,"100.70
 								98.65",99.56,"964,800
 								201",960.55,"2,006,400","302,400
 17.75%"
SRF,29-Mar-23,"2,379.80",26.20,1.11%,"2,389.00
 								2,348.65","2,375.19","949,500
 								2,532","22,552.43","3,301,875","-71,625
 -2.12%"
HINDUNILVR,29-Mar-23,"2,484.20",9.85,0.40%,"2,490.20
 								2,463.30","2,477.12","943,800
 								3,146","23,379.06","9,221,100","-13,200
 -0.14%"
ADANIPORTS,27-Apr-23,662.15,-10.10,-1.50%,"678.40
 								661.80",666.69,"924,375
 								1,479","6,162.72","3,642,500","608,125
 20.04%"
ONGC,27-Apr-23,153.20,0.10,0.07%,"154.00
 								152.10",153.02,"920,150
 								239","1,408.01","1,705,550","277,200
 19.41%"
MCDOWELL-N,29-Mar-23,777.50,5.70,0.74%,"780.45
 								773.70",777.12,"901,250
 								1,442","7,003.79","11,878,750","-186,250
 -1.54%"
MPHASIS,29-Mar-23,"1,810.20",8.00,0.44%,"1,844.95
 								1,801.85","1,815.99","892,100
 								3,244","16,200.45","2,794,000","-1,100
 -0.04%"
AUBANK,27-Apr-23,575.85,1.15,0.20%,"580.50
 								573.40",577.83,"869,000
 								869","5,021.34","2,813,000","475,000
 20.32%"
LAURUSLABS,29-Mar-23,306.00,-0.05,-0.02%,"308.15
 								304.40",306.28,"849,200
 								772","2,600.93","8,760,400","-227,700
 -2.53%"
CONCOR,29-Mar-23,595.25,-1.35,-0.23%,"602.40
 								593.55",597.50,"827,000
 								827","4,941.33","8,359,000","3,000
 0.04%"
TITAN,29-Mar-23,"2,510.45",-8.45,-0.34%,"2,527.60
 								2,500.05","2,512.92","826,500
 								2,204","20,769.28","5,737,125","-140,250
 -2.39%"
TORNTPOWER,29-Mar-23,519.70,-1.55,-0.30%,"522.90
 								516.00",519.80,"826,500
 								551","4,296.15","2,970,000","-21,000
 -0.70%"
CIPLA,27-Apr-23,871.70,1.35,0.16%,"873.50
 								858.90",864.19,"825,500
 								1,270","7,133.89","1,040,650","269,100
 34.88%"
APOLLOTYRE,27-Apr-23,317.50,-2.45,-0.77%,"322.20
 								316.00",319.26,"812,000
 								232","2,592.39","1,095,500","227,500
 26.21%"
PVR,29-Mar-23,"1,555.95",-19.15,-1.22%,"1,582.50
 								1,542.50","1,562.88","802,197
 								1,971","12,537.38","2,271,874","149,776
 7.06%"
CUMMINSIND,29-Mar-23,"1,615.95",-24.55,-1.50%,"1,650.00
 								1,614.20","1,621.89","796,200
 								1,327","12,913.49","3,054,600","-91,800
 -2.92%"
MARICO,29-Mar-23,485.30,2.35,0.49%,"487.25
 								483.00",485.50,"793,200
 								661","3,850.99","8,792,400","-15,600
 -0.18%"
NIFTY,27-Apr-23,"17,275.00",22.85,0.13%,"17,327.90
 								17,237.30","17,277.90","785,550
 								15,711","135,726.54","3,267,750","98,850
 3.12%"
IGL,27-Apr-23,442.30,-1.25,-0.28%,"444.20
 								437.55",440.29,"779,625
 								567","3,432.61","1,153,625","319,000
 38.22%"
EXIDEIND,27-Apr-23,179.35,-0.25,-0.14%,"181.70
 								178.80",180.23,"770,400
 								214","1,388.49","3,060,000","259,200
 9.25%"
BIOCON,29-Mar-23,204.20,2.65,1.31%,"204.90
 								200.85",203.29,"745,200
 								324","1,514.92","37,671,700","-745,200
 -1.94%"
BAJAJFINSV,27-Apr-23,"1,304.35",22.50,1.76%,"1,327.50
 								1,282.25","1,308.83","737,500
 								1,475","9,652.62","1,623,500","125,000
 8.34%"
BAJAJ-AUTO,29-Mar-23,"3,910.20",13.95,0.36%,"3,937.05
 								3,875.70","3,907.39","730,750
 								2,923","28,553.25","1,301,500","-132,000
 -9.21%"
HAL,29-Mar-23,"2,630.10",-38.20,-1.43%,"2,683.50
 								2,622.90","2,647.72","728,700
 								2,429","19,293.94","3,030,300","-48,000
 -1.56%"
IRCTC,29-Mar-23,606.75,-2.80,-0.46%,"612.85
 								606.55",609.90,"725,375
 								829","4,424.06","12,401,375","24,500
 0.20%"
TATACHEM,29-Mar-23,962.90,5.40,0.56%,"969.00
 								954.95",963.05,"719,000
 								1,438","6,924.33","5,193,000","-109,000
 -2.06%"
HCLTECH,27-Apr-23,"1,091.60",-3.75,-0.34%,"1,112.15
 								1,088.40","1,095.16","710,500
 								1,015","7,781.11","2,308,600","190,400
 8.99%"
DELTACORP,27-Apr-23,194.75,-3.25,-1.64%,"199.70
 								194.70",196.63,"708,400
 								253","1,392.93","2,156,000","182,000
 9.22%"
VOLTAS,27-Apr-23,850.55,5.40,0.64%,"854.95
 								841.70",847.71,"705,600
 								1,176","5,981.44","870,600","144,600
 19.92%"
CROMPTON,29-Mar-23,292.55,-0.70,-0.24%,"295.20
 								291.55",293.09,"705,000
 								470","2,066.28","5,637,000","-126,000
 -2.19%"
MGL,29-Mar-23,983.35,-7.55,-0.76%,"996.25
 								979.65",984.85,"704,800
 								881","6,941.22","2,444,000","-70,400
 -2.80%"
SHRIRAMFIN,29-Mar-23,"1,249.05",-13.25,-1.05%,"1,267.50
 								1,246.15","1,256.49","697,200
 								1,162","8,760.25","3,741,000","21,000
 0.56%"
SBICARD,27-Apr-23,724.90,8.15,1.14%,"727.00
 								715.95",721.77,"694,400
 								868","5,011.97","1,372,800","326,400
 31.19%"
CHAMBLFERT,29-Mar-23,270.40,-0.75,-0.28%,"274.40
 								270.40",272.25,"678,000
 								452","1,845.86","4,432,500","-15,000
 -0.34%"
HDFCAMC,29-Mar-23,"1,769.85",2.05,0.12%,"1,782.00
 								1,757.50","1,770.94","673,800
 								2,246","11,932.59","3,042,300","-179,100
 -5.56%"
ICICIPRULI,27-Apr-23,431.50,10.90,2.59%,"434.00
 								422.15",431.29,"672,000
 								448","2,898.27","2,407,500","264,000
 12.32%"
GUJGASLTD,29-Mar-23,497.30,-6.10,-1.21%,"505.40
 								495.80",500.00,"671,250
 								537","3,356.25","3,901,250","-47,500
 -1.20%"
LT,27-Apr-23,"2,220.00",-5.90,-0.27%,"2,255.25
 								2,220.00","2,239.59","668,100
 								2,227","14,962.70","715,500","241,500
 50.95%"
AARTIIND,29-Mar-23,521.10,-3.00,-0.57%,"528.45
 								518.80",521.89,"664,700
 								782","3,469.00","4,011,150","-32,300
 -0.80%"
ITC,25-May-23,380.15,0.05,0.01%,"380.90
 								377.80",379.60,"654,400
 								409","2,484.10","1,049,600","622,400
 145.69%"
ABB,29-Mar-23,"3,308.95",-92.40,-2.72%,"3,416.25
 								3,295.05","3,338.22","646,500
 								2,586","21,581.59","1,373,250","-63,500
 -4.42%"
AUROPHARMA,27-Apr-23,482.80,9.90,2.09%,"483.50
 								470.00",477.73,"643,000
 								643","3,071.80","1,619,000","272,000
 20.19%"
HAVELLS,29-Mar-23,"1,197.00",-8.40,-0.70%,"1,213.70
 								1,193.65","1,200.98","643,000
 								1,286","7,722.30","4,704,500","6,500
 0.14%"
IBULHSGFIN,29-Mar-23,100.60,-0.55,-0.54%,"101.60
 								99.70",100.64,"616,000
 								154",619.94,"44,848,000","-616,000
 -1.35%"
SIEMENS,29-Mar-23,"3,308.90",-15.55,-0.47%,"3,351.80
 								3,284.00","3,307.50","607,750
 								2,210","20,101.33","1,537,250","-144,100
 -8.57%"
ASIANPAINT,29-Mar-23,"2,847.00",0.00,0.00%,"2,862.95
 								2,826.25","2,848.87","593,000
 								2,965","16,893.80","5,930,200","-82,000
 -1.36%"
INDIGO,29-Mar-23,"1,897.45",14.20,0.75%,"1,903.90
 								1,886.95","1,895.58","582,300
 								1,941","11,037.96","3,272,100","-83,400
 -2.49%"
PEL,27-Apr-23,679.75,-7.45,-1.08%,"694.15
 								677.05",685.91,"580,250
 								1,055","3,979.99","1,367,850","231,550
 20.38%"
PIDILITIND,29-Mar-23,"2,380.35",12.55,0.53%,"2,403.90
 								2,370.00","2,385.87","561,250
 								2,245","13,390.70","2,575,000","-66,250
 -2.51%"
CUB,27-Apr-23,130.20,0.55,0.42%,"131.35
 								129.05",130.62,"555,000
 								111",724.94,"1,800,000","100,000
 5.88%"
ACC,29-Mar-23,"1,741.90",8.90,0.51%,"1,753.30
 								1,730.70","1,742.41","553,750
 								2,215","9,648.60","4,645,500","-75,500
 -1.60%"
GODREJPROP,29-Mar-23,"1,087.95",-13.85,-1.26%,"1,110.90
 								1,085.65","1,092.15","550,375
 								1,295","6,010.92","4,226,200","45,475
 1.09%"
HINDPETRO,27-Apr-23,247.20,-0.20,-0.08%,"248.20
 								245.40",246.63,"542,700
 								201","1,338.46","1,420,200","89,100
 6.69%"
M&M,27-Apr-23,"1,176.20",3.35,0.29%,"1,190.00
 								1,171.10","1,180.02","541,800
 								774","6,393.35","1,212,400","182,000
 17.66%"
GRANULES,29-Mar-23,288.50,-0.45,-0.16%,"289.65
 								285.95",287.49,"536,000
 								268","1,540.95","5,932,000","-10,000
 -0.17%"
SBILIFE,27-Apr-23,"1,119.65",11.20,1.01%,"1,134.00
 								1,111.00","1,123.69","535,500
 								714","6,017.36","622,500","93,000
 17.56%"
GNFC,27-Apr-23,540.50,0.50,0.09%,"547.25
 								539.30",542.12,"527,800
 								406","2,861.31","984,100","29,900
 3.13%"
LAURUSLABS,27-Apr-23,308.25,0.30,0.10%,"310.10
 								306.25",308.16,"525,800
 								478","1,620.31","1,260,600","258,500
 25.80%"
METROPOLIS,29-Mar-23,"1,260.05",16.90,1.36%,"1,276.85
 								1,230.00","1,255.73","518,000
 								1,295","6,504.68","843,600","49,200
 6.19%"
LTIM,29-Mar-23,"4,672.75",-9.10,-0.19%,"4,806.60
 								4,655.50","4,731.32","512,850
 								3,419","24,264.57","1,180,950","8,250
 0.70%"
RAMCOCEM,29-Mar-23,732.80,4.60,0.63%,"735.30
 								726.45",731.79,"504,050
 								593","3,688.59","2,051,050","-103,700
 -4.81%"
TATACONSUM,27-Apr-23,715.85,8.75,1.24%,"723.05
 								709.90",718.67,"504,000
 								560","3,622.10","846,000","164,700
 24.17%"
BSOFT,27-Apr-23,274.60,3.80,1.40%,"277.00
 								273.05",275.13,"494,000
 								247","1,359.14","744,000","32,000
 4.49%"
INDHOTEL,27-Apr-23,318.45,-3.00,-0.93%,"322.70
 								315.40",319.52,"490,000
 								245","1,565.65","988,000","156,000
 18.75%"
GAIL,25-May-23,106.90,0.10,0.09%,"109.00
 								104.50",106.66,"484,950
 								53",517.25,"420,900","-54,900
 -11.54%"
JSWSTEEL,27-Apr-23,668.15,-4.35,-0.65%,"677.00
 								665.00",670.43,"484,650
 								359","3,249.24","1,786,050","201,150
 12.69%"
RAIN,27-Apr-23,156.50,0.05,0.03%,"158.35
 								156.30",157.18,"483,000
 								138",759.18,"1,155,000","259,000
 28.91%"
POLYCAB,29-Mar-23,"2,879.35",8.40,0.29%,"2,908.50
 								2,866.05","2,886.51","482,100
 								1,607","13,915.86","1,102,800","-7,500
 -0.68%"
INFY,25-May-23,"1,412.00",-2.00,-0.14%,"1,429.00
 								1,404.10","1,409.92","480,400
 								1,201","6,773.26","738,000","323,600
 78.09%"
TECHM,27-Apr-23,"1,108.50",4.90,0.44%,"1,117.05
 								1,105.00","1,110.62","467,400
 								779","5,191.04","1,045,200","119,400
 12.90%"
GLENMARK,27-Apr-23,439.00,-2.65,-0.60%,"441.85
 								437.00",438.99,"465,450
 								321","2,043.28","638,000","224,750
 54.39%"
LTTS,29-Mar-23,"3,411.05",-17.05,-0.50%,"3,482.00
 								3,401.95","3,443.44","461,600
 								2,308","15,894.92","1,197,200","-24,200
 -1.98%"
SUNPHARMA,27-Apr-23,980.05,15.05,1.56%,"981.50
 								965.70",974.91,"448,000
 								640","4,367.60","926,100","173,600
 23.07%"
PETRONET,27-Apr-23,234.30,-2.25,-0.95%,"237.90
 								233.75",235.52,"444,000
 								148","1,045.71","909,000","63,000
 7.45%"
IRCTC,27-Apr-23,610.05,-2.60,-0.42%,"616.20
 								610.05",613.44,"421,750
 								482","2,587.18","1,393,875","250,250
 21.88%"
ZYDUSLIFE,27-Apr-23,483.65,2.00,0.42%,"485.95
 								478.10",482.45,"419,400
 								233","2,023.40","646,200","84,600
 15.06%"
TATASTEEL,25-May-23,106.35,-0.20,-0.19%,"107.50
 								106.00",106.77,"418,000
 								76",446.30,"2,354,000","137,500
 6.20%"
BAJFINANCE,27-Apr-23,"5,876.45",117.50,2.04%,"5,903.65
 								5,789.65","5,866.33","413,750
 								3,310","24,271.94","630,500","83,375
 15.24%"
LALPATHLAB,29-Mar-23,"1,834.50",45.80,2.56%,"1,856.00
 								1,780.00","1,829.10","409,000
 								1,636","7,481.02","852,500","17,250
 2.07%"
PIIND,29-Mar-23,"2,996.85",39.20,1.33%,"3,040.60
 								2,972.00","3,008.59","406,250
 								1,625","12,222.40","2,168,500","52,000
 2.46%"
ADANIENT,27-Apr-23,"1,825.65",-17.65,-0.96%,"1,864.05
 								1,818.55","1,837.62","406,000
 								1,624","7,460.74","4,519,250","75,250
 1.69%"
TVSMOTOR,27-Apr-23,"1,058.25",1.75,0.17%,"1,080.00
 								1,056.45","1,068.05","397,600
 								568","4,246.57","747,600","163,800
 28.06%"
GODREJCP,27-Apr-23,958.50,7.20,0.76%,"962.00
 								949.00",958.53,"383,000
 								383","3,671.17","479,000","167,000
 53.53%"
BALKRISIND,29-Mar-23,"1,996.20",19.50,0.99%,"2,024.00
 								1,974.25","2,003.38","375,600
 								1,252","7,524.70","1,546,800","-68,700
 -4.25%"
BANKNIFTY,27-Apr-23,"40,315.00",56.30,0.14%,"40,413.80
 								40,195.00","40,304.26","366,725
 								14,669","147,805.80","1,815,500","40,300
 2.27%"
ULTRACEMCO,29-Mar-23,"7,401.90",34.20,0.46%,"7,459.65
 								7,368.05","7,411.45","365,700
 								3,657","27,103.67","1,733,100","-41,700
 -2.35%"
MCX,29-Mar-23,"1,523.40",14.05,0.93%,"1,544.00
 								1,515.05","1,531.09","365,600
 								914","5,597.67","802,800","-21,600
 -2.62%"
ASTRAL,29-Mar-23,"1,350.00",11.85,0.89%,"1,357.25
 								1,333.00","1,350.65","360,761
 								1,312","4,872.62","1,978,130","-86,979
 -4.21%"
TRENT,29-Mar-23,"1,330.25",1.80,0.14%,"1,355.60
 								1,329.55","1,341.80","350,400
 								876","4,701.67","3,235,600","-8,800
 -0.27%"
COFORGE,29-Mar-23,"3,740.30",14.05,0.38%,"3,793.15
 								3,718.95","3,745.52","348,300
 								2,322","13,045.65","717,150","-40,800
 -5.38%"
TCS,27-Apr-23,"3,155.00",15.50,0.49%,"3,167.25
 								3,134.35","3,151.99","347,550
 								1,986","10,954.74","1,533,700","41,125
 2.76%"
BALRAMCHIN,27-Apr-23,366.50,-2.05,-0.56%,"374.25
 								365.80",369.97,"340,800
 								213","1,260.86","1,590,400","36,800
 2.37%"
ESCORTS,29-Mar-23,"1,885.40",-16.75,-0.88%,"1,917.55
 								1,885.35","1,901.16","340,725
 								1,239","6,477.73","1,408,000","-11,550
 -0.81%"
APOLLOHOSP,29-Mar-23,"4,277.95",-8.35,-0.19%,"4,297.25
 								4,215.30","4,259.61","319,125
 								2,553","13,593.48","1,431,500","31,750
 2.27%"
EICHERMOT,29-Mar-23,"2,958.40",9.50,0.32%,"2,982.10
 								2,945.55","2,962.80","314,825
 								1,799","9,327.64","3,068,800","-34,650
 -1.12%"
OBEROIRLTY,29-Mar-23,863.55,-3.20,-0.37%,"874.95
 								861.60",867.66,"312,200
 								446","2,708.83","5,700,100","19,600
 0.35%"
BAJAJ-AUTO,27-Apr-23,"3,917.35",8.15,0.21%,"3,947.70
 								3,887.15","3,916.23","310,500
 								1,242","12,159.89","428,000","119,250
 38.62%"
HEROMOTOCO,29-Mar-23,"2,362.00",0.20,0.01%,"2,380.75
 								2,354.00","2,366.18","309,000
 								1,030","7,311.50","2,795,700","-20,400
 -0.72%"
BANKBARODA,25-May-23,168.85,3.55,2.15%,"169.75
 								165.90",168.56,"304,200
 								52",512.76,"713,700","29,250
 4.27%"
SYNGENE,29-Mar-23,578.05,-1.40,-0.24%,"584.90
 								576.90",580.21,"304,000
 								304","1,763.84","2,083,000","-3,000
 -0.14%"
LUPIN,27-Apr-23,666.90,11.75,1.79%,"667.50
 								653.95",660.53,"302,600
 								356","1,998.76","526,150","117,300
 28.69%"
PERSISTENT,29-Mar-23,"4,502.40",9.55,0.21%,"4,570.00
 								4,485.00","4,519.47","301,350
 								1,722","13,619.42","1,034,425","-25,725
 -2.43%"
MARUTI,29-Mar-23,"8,262.00",10.60,0.13%,"8,305.95
 								8,225.85","8,266.11","295,400
 								2,954","24,418.09","2,117,200","12,900
 0.61%"
SBIN,25-May-23,527.85,-2.15,-0.41%,"533.00
 								527.50",530.32,"291,000
 								194","1,543.23","1,029,000","45,000
 4.57%"
BHARATFORG,27-Apr-23,790.00,3.90,0.50%,"797.55
 								787.10",789.66,"287,000
 								287","2,266.32","538,000","77,000
 16.70%"
ICICIGI,29-Mar-23,"1,086.45",-0.70,-0.06%,"1,094.80
 								1,075.30","1,085.94","284,325
 								669","3,087.60","3,694,950","-2,550
 -0.07%"
DIXON,29-Mar-23,"2,897.35",-13.65,-0.47%,"2,934.95
 								2,872.70","2,901.07","281,375
 								2,251","8,162.89","605,625","5,750
 0.96%"
TORNTPHARM,29-Mar-23,"1,527.95",5.55,0.36%,"1,528.80
 								1,509.40","1,518.81","269,500
 								539","4,093.19","1,715,000","9,500
 0.56%"
MCDOWELL-N,27-Apr-23,783.00,6.35,0.82%,"784.65
 								778.25",782.00,"268,750
 								430","2,101.63","492,500","103,125
 26.48%"
NAUKRI,29-Mar-23,"3,516.35",38.20,1.10%,"3,554.00
 								3,499.60","3,521.26","266,125
 								2,129","9,370.95","1,453,000","-34,250
 -2.30%"
DEEPAKNTR,29-Mar-23,"1,808.75",4.40,0.24%,"1,826.85
 								1,801.55","1,816.22","265,500
 								1,062","4,822.06","1,693,500","-19,250
 -1.12%"
DALBHARAT,29-Mar-23,"1,841.50",14.75,0.81%,"1,853.00
 								1,823.95","1,840.23","263,500
 								527","4,849.01","1,804,000","-58,500
 -3.14%"
DABUR,27-Apr-23,543.40,6.20,1.15%,"546.00
 								535.90",541.78,"258,750
 								207","1,401.86","463,750","32,500
 7.54%"
CONCOR,27-Apr-23,600.05,-0.20,-0.03%,"606.45
 								597.00",600.50,"258,000
 								258","1,549.29","549,000","121,000
 28.27%"
MOTHERSON,25-May-23,66.55,-0.45,-0.67%,"67.50
 								66.25",66.81,"249,750
 								37",166.86,"1,134,000","114,750
 11.26%"
INTELLECT,29-Mar-23,411.10,0.40,0.10%,"418.65
 								409.15",413.21,"249,000
 								249","1,028.89","4,037,000","0
 0.00%"
AARTIIND,27-Apr-23,524.00,-2.50,-0.47%,"530.00
 								521.40",524.23,"245,650
 								289","1,287.77","462,400","87,550
 23.36%"
BRITANNIA,29-Mar-23,"4,248.75",-35.40,-0.83%,"4,280.90
 								4,243.80","4,257.16","241,800
 								1,209","10,293.81","1,329,200","57,800
 4.55%"
COROMANDEL,29-Mar-23,868.20,4.60,0.53%,"874.15
 								861.95",869.13,"240,100
 								343","2,086.78","1,591,800","-21,000
 -1.30%"
SAIL,25-May-23,85.30,-2.15,-2.46%,"87.45
 								85.00",86.21,"240,000
 								30",206.90,"568,000","88,000
 18.33%"
WIPRO,25-May-23,371.50,-0.55,-0.15%,"374.70
 								370.85",371.71,"240,000
 								160",892.10,"568,500","45,000
 8.60%"
TATAPOWER,25-May-23,204.10,-1.70,-0.83%,"206.40
 								204.00",204.98,"239,625
 								71",491.18,"722,250","145,125
 25.15%"
DRREDDY,29-Mar-23,"4,481.00",40.80,0.92%,"4,486.95
 								4,428.70","4,461.37","238,250
 								1,906","10,629.21","2,303,000","-18,000
 -0.78%"
CHAMBLFERT,27-Apr-23,272.60,-0.20,-0.07%,"276.35
 								272.30",274.00,"237,000
 								158",649.38,"799,500","102,000
 14.62%"
ICICIBANK,25-May-23,868.30,5.75,0.67%,"870.30
 								860.00",864.55,"236,600
 								338","2,045.53","656,600","142,800
 27.79%"
NIFTY,25-May-23,"17,340.80",24.35,0.14%,"17,389.65
 								17,301.20","17,339.09","233,350
 								4,667","40,460.77","1,142,750","32,550
 2.93%"
HDFCAMC,27-Apr-23,"1,779.20",1.35,0.08%,"1,792.40
 								1,768.75","1,782.30","233,100
 								777","4,154.54","414,900","83,400
 25.16%"
BHEL,25-May-23,75.25,-1.95,-2.53%,"77.40
 								75.25",75.90,"231,000
 								22",175.33,"766,500","115,500
 17.74%"
DIVISLAB,29-Mar-23,"2,799.00",17.05,0.61%,"2,806.10
 								2,783.45","2,794.66","230,400
 								1,536","6,438.90","2,980,350","-11,550
 -0.39%"
SIEMENS,27-Apr-23,"3,323.00",-20.25,-0.61%,"3,366.00
 								3,299.25","3,327.36","230,175
 								837","7,658.75","196,350","60,225
 44.24%"
GODREJPROP,27-Apr-23,"1,094.00",-14.80,-1.33%,"1,118.15
 								1,093.00","1,099.26","229,075
 								539","2,518.13","355,725","119,850
 50.81%"
INDIAMART,29-Mar-23,"5,050.00",-70.80,-1.38%,"5,195.35
 								5,033.00","5,089.89","228,300
 								1,522","11,620.22","344,100","-24,300
 -6.60%"
PVR,27-Apr-23,"1,558.50",-22.25,-1.41%,"1,589.85
 								1,548.25","1,572.52","222,629
 								547","3,500.89","358,974","87,505
 32.23%"
TATACHEM,27-Apr-23,968.40,4.95,0.51%,"975.00
 								961.35",969.11,"222,500
 								445","2,156.27","470,500","107,000
 29.44%"
TATACOMM,29-Mar-23,"1,205.05",-10.95,-0.90%,"1,221.80
 								1,204.35","1,212.27","218,500
 								437","2,648.81","1,957,000","-15,000
 -0.76%"
HINDUNILVR,27-Apr-23,"2,498.55",9.10,0.37%,"2,504.75
 								2,478.10","2,491.95","216,900
 								723","5,405.04","596,700","54,000
 9.95%"
SUNTV,27-Apr-23,435.85,1.55,0.36%,"442.00
 								432.60",437.09,"211,500
 								141",924.45,"376,500","28,500
 8.19%"
IDFC,25-May-23,81.85,1.70,2.12%,"82.70
 								80.50",81.90,"200,000
 								20",163.80,"250,000","100,000
 66.67%"
ABB,27-Apr-23,"3,309.20",-97.25,-2.85%,"3,417.10
 								3,300.00","3,338.59","199,250
 								797","6,652.14","258,750","85,250
 49.14%"
GUJGASLTD,27-Apr-23,500.40,-5.55,-1.10%,"508.90
 								498.45",502.17,"196,250
 								157",985.51,"430,000","73,750
 20.70%"
SRF,27-Apr-23,"2,392.00",24.85,1.05%,"2,402.40
 								2,364.95","2,390.92","194,250
 								518","4,644.36","219,000","63,375
 40.72%"
JKCEMENT,29-Mar-23,"2,851.60",29.90,1.06%,"2,888.00
 								2,818.20","2,855.21","192,750
 								771","5,503.42","445,750","50,500
 12.78%"
BATAINDIA,29-Mar-23,"1,413.35",1.35,0.10%,"1,421.00
 								1,409.05","1,415.10","190,575
 								693","2,696.83","2,854,500","-33,825
 -1.17%"
LTTS,27-Apr-23,"3,368.95",-25.45,-0.75%,"3,442.05
 								3,360.65","3,401.31","184,400
 								922","6,272.02","320,000","50,000
 18.52%"
INDUSINDBK,25-May-23,"1,045.45",6.95,0.67%,"1,058.30
 								1,041.40","1,052.90","183,150
 								407","1,928.39","215,100","112,050
 108.73%"
GMRINFRA,25-May-23,40.20,-0.55,-1.35%,"40.65
 								40.20",40.40,"180,000
 								8",72.72,"1,012,500","-67,500
 -6.25%"
CHOLAFIN,27-Apr-23,755.70,-6.20,-0.81%,"766.80
 								752.65",760.70,"178,750
 								143","1,359.75","227,500","73,750
 47.97%"
RAMCOCEM,27-Apr-23,732.65,5.40,0.74%,"733.60
 								724.85",729.59,"176,800
 								208","1,289.92","667,250","56,950
 9.33%"
CUMMINSIND,27-Apr-23,"1,621.75",-21.60,-1.31%,"1,652.10
 								1,619.00","1,626.81","174,000
 								290","2,830.65","378,000","42,000
 12.50%"
HAL,27-Apr-23,"2,648.00",-35.75,-1.33%,"2,698.60
 								2,642.00","2,664.60","173,100
 								577","4,612.42","453,900","68,400
 17.74%"
MARICO,27-Apr-23,488.30,2.75,0.57%,"489.60
 								485.00",487.49,"171,600
 								143",836.53,"297,600","33,600
 12.73%"
COLPAL,29-Mar-23,"1,505.00",5.35,0.36%,"1,511.00
 								1,500.10","1,506.45","171,500
 								490","2,583.56","1,679,650","-24,850
 -1.46%"
IPCALAB,29-Mar-23,786.70,4.50,0.58%,"788.00
 								779.25",784.05,"170,950
 								263","1,340.33","2,181,400","-1,950
 -0.09%"
ASIANPAINT,27-Apr-23,"2,864.50",-0.05,-0.00%,"2,879.00
 								2,844.00","2,865.08","170,600
 								853","4,887.83","386,400","54,400
 16.39%"
MPHASIS,27-Apr-23,"1,811.00",2.45,0.14%,"1,848.00
 								1,807.20","1,822.10","169,125
 								615","3,081.63","306,350","37,675
 14.02%"
PIDILITIND,27-Apr-23,"2,393.95",11.75,0.49%,"2,415.30
 								2,382.00","2,397.48","168,750
 								675","4,045.75","230,500","69,000
 42.72%"
ASHOKLEY,25-May-23,140.60,2.70,1.96%,"141.00
 								138.85",140.14,"165,000
 								33",231.23,"280,000","-55,000
 -16.42%"
CANFINHOME,27-Apr-23,552.70,15.45,2.88%,"554.15
 								539.80",548.68,"156,975
 								161",861.29,"221,325","29,250
 15.23%"
LTIM,27-Apr-23,"4,694.00",-13.95,-0.30%,"4,831.10
 								4,680.00","4,760.46","154,500
 								1,030","7,354.91","187,500","55,650
 42.21%"
UBL,29-Mar-23,"1,445.10",4.20,0.29%,"1,454.60
 								1,436.15","1,445.58","150,800
 								377","2,179.93","1,137,600","-18,000
 -1.56%"
ALKEM,29-Mar-23,"3,217.45",87.60,2.80%,"3,225.35
 								3,122.90","3,184.06","150,000
 								750","4,776.09","425,400","-25,400
 -5.63%"
WHIRLPOOL,29-Mar-23,"1,352.05",9.25,0.69%,"1,354.95
 								1,340.05","1,350.44","149,100
 								426","2,013.51","820,750","13,650
 1.69%"
INDIGO,27-Apr-23,"1,910.00",19.75,1.04%,"1,913.60
 								1,898.75","1,906.44","138,000
 								460","2,630.89","211,800","43,800
 26.07%"
MGL,27-Apr-23,987.40,-8.35,-0.84%,"995.50
 								984.00",989.09,"136,800
 								171","1,353.08","148,800","5,600
 3.91%"
METROPOLIS,27-Apr-23,"1,264.95",15.25,1.22%,"1,281.00
 								1,237.00","1,258.67","136,800
 								342","1,721.86","84,800","33,200
 64.34%"
TITAN,27-Apr-23,"2,525.30",-8.25,-0.33%,"2,541.25
 								2,516.00","2,527.08","135,375
 								361","3,421.03","379,875","1,500
 0.40%"
COALINDIA,25-May-23,217.05,-1.80,-0.82%,"218.85
 								216.00",216.99,"134,400
 								32",291.63,"243,600","71,400
 41.46%"
TRENT,27-Apr-23,"1,342.80",6.65,0.50%,"1,363.60
 								1,340.00","1,351.17","130,400
 								326","1,761.93","148,000","39,200
 36.03%"
BANDHANBNK,25-May-23,214.05,8.40,4.08%,"215.00
 								207.50",213.02,"129,600
 								72",276.07,"329,400","-37,800
 -10.29%"
BANKNIFTY,25-May-23,"40,420.05",39.70,0.10%,"40,550.35
 								40,320.00","40,417.21","129,575
 								5,183","52,370.60","1,423,875","19,125
 1.36%"
IPCALAB,27-Apr-23,786.50,5.70,0.73%,"786.50
 								779.95",782.86,"129,350
 								199","1,012.63","200,200","35,750
 21.74%"
HEROMOTOCO,27-Apr-23,"2,372.20",-0.70,-0.03%,"2,391.90
 								2,364.95","2,376.52","123,000
 								410","2,923.12","249,600","40,800
 19.54%"
GRANULES,27-Apr-23,290.00,-0.80,-0.28%,"290.75
 								287.75",289.53,"120,000
 								60",347.44,"348,000","64,000
 22.54%"
ASTRAL,27-Apr-23,"1,348.00",8.70,0.65%,"1,353.15
 								1,335.45","1,347.90","114,504
 								416","1,543.40","181,665","32,296
 21.62%"
POLYCAB,27-Apr-23,"2,850.65",-3.95,-0.14%,"2,887.05
 								2,845.65","2,866.32","114,300
 								381","3,276.20","217,500","36,000
 19.83%"
NAVINFLUOR,29-Mar-23,"4,217.50",0.90,0.02%,"4,238.95
 								4,196.95","4,221.35","114,300
 								762","4,825.00","406,800","-18,150
 -4.27%"
RELIANCE,25-May-23,"2,305.30",1.50,0.07%,"2,321.00
 								2,303.50","2,311.64","114,250
 								457","2,641.05","534,000","-250
 -0.05%"
LALPATHLAB,27-Apr-23,"1,838.95",52.45,2.94%,"1,856.00
 								1,780.05","1,819.99","113,250
 								453","2,061.14","152,750","34,000
 28.63%"
OBEROIRLTY,27-Apr-23,870.55,-0.70,-0.08%,"877.85
 								865.75",871.78,"106,400
 								152",927.57,"452,200","64,400
 16.61%"
BIOCON,27-Apr-23,205.75,3.10,1.53%,"205.80
 								203.10",204.74,"103,500
 								45",211.91,"6,849,400","-103,500
 -1.49%"
VEDL,25-May-23,289.30,1.00,0.35%,"291.40
 								286.90",288.87,"100,000
 								50",288.87,"496,000","16,000
 3.33%"
INTELLECT,27-Apr-23,413.00,0.20,0.05%,"420.40
 								411.05",415.22,"98,000
 								98",406.92,"237,000","35,000
 17.33%"
IOC,25-May-23,80.80,0.05,0.06%,"80.90
 								80.40",80.62,"97,500
 								10",78.60,"624,000","58,500
 10.34%"
NATIONALUM,25-May-23,78.65,-1.30,-1.63%,"79.85
 								78.50",78.77,"97,500
 								13",76.80,"450,000","45,000
 11.11%"
ACC,27-Apr-23,"1,752.50",9.65,0.55%,"1,764.30
 								1,740.00","1,752.15","95,250
 								381","1,668.92","277,750","16,000
 6.11%"
MCX,27-Apr-23,"1,521.65",12.75,0.84%,"1,545.00
 								1,516.05","1,530.26","92,800
 								232","1,420.08","131,200","26,400
 25.19%"
CROMPTON,27-Apr-23,293.40,-1.00,-0.34%,"295.75
 								293.30",294.31,"91,500
 								61",269.29,"706,500","0
 0.00%"
BEL,25-May-23,93.50,-0.55,-0.58%,"94.55
 								93.50",94.07,"85,500
 								15",80.43,"575,700","17,100
 3.06%"
NTPC,25-May-23,177.30,-1.65,-0.92%,"179.40
 								176.75",177.72,"85,500
 								15",151.95,"279,300","17,100
 6.52%"
TATAMOTORS,25-May-23,421.85,2.15,0.51%,"424.30
 								421.20",422.86,"85,500
 								60",361.55,"635,550","44,175
 7.47%"
FEDERALBNK,25-May-23,130.90,0.50,0.38%,"131.00
 								129.90",130.51,"85,000
 								17",110.93,"535,000","20,000
 3.88%"
EICHERMOT,27-Apr-23,"2,977.95",12.30,0.41%,"3,058.00
 								2,961.80","2,976.64","84,350
 								482","2,510.80","166,075","37,975
 29.64%"
BALKRISIND,27-Apr-23,"2,002.65",14.95,0.75%,"2,029.50
 								1,987.70","2,010.17","84,300
 								281","1,694.57","57,300","25,800
 81.90%"
ULTRACEMCO,27-Apr-23,"7,444.05",33.55,0.45%,"7,499.90
 								7,400.00","7,449.68","81,500
 								815","6,071.49","90,300","20,200
 28.82%"
OFSS,29-Mar-23,"3,220.00",38.85,1.22%,"3,224.95
 								3,191.15","3,210.09","79,600
 								398","2,555.23","271,400","-4,600
 -1.67%"
PIIND,27-Apr-23,"3,014.75",40.65,1.37%,"3,055.90
 								2,992.50","3,024.48","77,500
 								310","2,343.97","78,750","27,000
 52.17%"
CANBK,25-May-23,288.50,0.70,0.24%,"292.00
 								287.70",289.99,"75,600
 								28",219.23,"378,000","21,600
 6.06%"
ESCORTS,27-Apr-23,"1,880.00",-18.90,-1.00%,"1,914.15
 								1,880.00","1,897.46","75,350
 								274","1,429.74","202,950","41,250
 25.51%"
PFC,25-May-23,154.35,-0.20,-0.13%,"156.00
 								154.20",155.33,"74,400
 								12",115.57,"266,600","0
 0.00%"
HAVELLS,27-Apr-23,"1,203.00",-9.15,-0.75%,"1,219.15
 								1,201.00","1,207.94","73,500
 								147",887.84,"116,500","11,500
 10.95%"
SHRIRAMFIN,27-Apr-23,"1,257.85",-10.85,-0.86%,"1,273.40
 								1,253.60","1,263.23","73,200
 								122",924.68,"156,000","39,600
 34.02%"
DEEPAKNTR,27-Apr-23,"1,817.00",8.85,0.49%,"1,830.00
 								1,808.10","1,821.22","72,000
 								288","1,311.28","220,000","22,500
 11.39%"
TATACOMM,27-Apr-23,"1,213.20",-11.15,-0.91%,"1,228.50
 								1,212.05","1,219.81","71,000
 								142",866.07,"196,500","22,000
 12.61%"
ICICIGI,27-Apr-23,"1,092.50",-0.05,-0.00%,"1,100.65
 								1,077.70","1,093.01","70,550
 								166",771.12,"201,875","21,675
 12.03%"
DIVISLAB,27-Apr-23,"2,815.10",17.80,0.64%,"2,820.00
 								2,797.20","2,807.35","69,750
 								465","1,958.13","154,050","20,550
 15.39%"
WHIRLPOOL,27-Apr-23,"1,353.25",14.70,1.10%,"1,353.35
 								1,339.95","1,348.15","68,950
 								197",929.55,"204,050","47,250
 30.13%"
COROMANDEL,27-Apr-23,873.05,4.80,0.55%,"880.00
 								868.00",874.84,"64,400
 								92",563.40,"121,100","23,100
 23.57%"
MARUTI,27-Apr-23,"8,317.45",12.85,0.15%,"8,355.00
 								8,279.15","8,318.28","63,800
 								638","5,307.06","135,600","24,900
 22.49%"
PERSISTENT,27-Apr-23,"4,486.40",5.45,0.12%,"4,552.95
 								4,465.75","4,501.68","63,175
 								361","2,843.94","70,875","6,475
 10.05%"
ZEEL,25-May-23,218.15,1.40,0.65%,"218.15
 								215.00",216.76,"63,000
 								21",136.56,"387,000","30,000
 8.40%"
COFORGE,27-Apr-23,"3,754.95",6.65,0.18%,"3,818.10
 								3,740.15","3,764.96","61,350
 								409","2,309.80","66,750","9,600
 16.80%"
DIXON,27-Apr-23,"2,909.20",-9.05,-0.31%,"2,940.00
 								2,880.00","2,911.09","60,875
 								487","1,772.13","97,125","15,125
 18.45%"
HDFCLIFE,25-May-23,502.55,12.30,2.51%,"503.35
 								491.85",498.63,"60,500
 								55",301.67,"90,200","-11,000
 -10.87%"
COLPAL,27-Apr-23,"1,507.70",6.55,0.44%,"1,512.05
 								1,502.00","1,508.49","59,850
 								171",902.83,"132,650","22,400
 20.32%"
INDIAMART,27-Apr-23,"4,978.25",-80.75,-1.60%,"5,136.20
 								4,977.50","5,017.39","58,950
 								393","2,957.75","77,850","24,750
 46.61%"
HINDALCO,25-May-23,397.90,2.35,0.59%,"401.00
 								395.00",398.65,"56,000
 								40",223.24,"155,400","-18,200
 -10.48%"
BATAINDIA,27-Apr-23,"1,422.05",1.40,0.10%,"1,429.75
 								1,419.60","1,423.83","55,825
 								203",794.85,"207,075","23,650
 12.89%"
CIPLA,25-May-23,877.75,2.05,0.23%,"877.75
 								865.00",868.70,"54,600
 								84",474.31,"109,200","38,350
 54.13%"
NMDC,25-May-23,113.40,0.10,0.09%,"114.25
 								113.30",113.88,"54,000
 								12",61.50,"220,500","9,000
 4.26%"
SHREECEM,29-Mar-23,"25,479.25",353.70,1.41%,"25,708.00
 								25,035.65","25,493.66","53,725
 								2,149","13,696.47","319,000","-14,900
 -4.46%"
APOLLOHOSP,27-Apr-23,"4,305.05",-8.75,-0.20%,"4,320.00
 								4,244.05","4,284.62","52,875
 								423","2,265.49","57,125","13,250
 30.20%"
DRREDDY,27-Apr-23,"4,511.00",44.10,0.99%,"4,515.00
 								4,453.45","4,482.81","50,250
 								402","2,252.61","125,000","20,375
 19.47%"
FINNIFTY,28-Mar-23,"17,850.50",5.30,0.03%,"17,899.50
 								17,799.85","17,853.02","49,160
 								0","8,776.54","34,160","40
 0.12%"
JKCEMENT,27-Apr-23,"2,854.10",25.60,0.91%,"2,896.15
 								2,833.85","2,871.74","46,500
 								186","1,335.36","36,250","22,750
 168.52%"
AXISBANK,25-May-23,863.55,-3.85,-0.44%,"873.40
 								862.00",865.76,"44,400
 								37",384.40,"124,800","16,800
 15.56%"
MANAPPURAM,25-May-23,121.00,3.25,2.76%,"121.75
 								119.90",120.85,"42,000
 								7",50.76,"168,000","12,000
 7.69%"
M&MFIN,25-May-23,231.85,-0.70,-0.30%,"238.00
 								231.85",234.36,"40,000
 								10",93.74,"136,000","-4,000
 -2.86%"
RBLBANK,25-May-23,145.55,2.20,1.53%,"147.35
 								144.85",146.29,"40,000
 								8",58.52,"445,000","10,000
 2.30%"
RECLTD,25-May-23,120.20,-0.40,-0.33%,"121.25
 								120.20",120.90,"40,000
 								5",48.36,"328,000","8,000
 2.50%"
NAUKRI,27-Apr-23,"3,540.40",43.90,1.26%,"3,572.20
 								3,520.00","3,543.50","38,625
 								309","1,368.68","165,250","13,750
 9.08%"
DLF,25-May-23,373.50,0.30,0.08%,"375.85
 								372.60",374.30,"37,950
 								23",142.05,"169,950","9,900
 6.19%"
INDUSTOWER,25-May-23,148.00,-2.30,-1.53%,"150.40
 								148.00",149.22,"36,400
 								13",54.32,"305,200","30,800
 11.22%"
ADANIPORTS,25-May-23,666.35,-10.30,-1.52%,"679.00
 								666.00",671.74,"36,250
 								58",243.51,"402,500","3,750
 0.94%"
DALBHARAT,27-Apr-23,"1,848.10",12.50,0.68%,"1,860.00
 								1,832.00","1,846.29","35,500
 								71",655.43,"46,500","3,500
 8.14%"
POWERGRID,25-May-23,227.25,0.50,0.22%,"227.95
 								225.00",226.78,"35,100
 								13",79.60,"159,300","0
 0.00%"
BOSCHLTD,29-Mar-23,"18,434.85",71.20,0.39%,"18,594.90
 								18,350.00","18,469.65","34,600
 								692","6,390.50","134,300","-50
 -0.04%"
AMBUJACEM,25-May-23,380.00,2.75,0.73%,"383.35
 								377.00",379.73,"34,200
 								19",129.87,"653,400","1,800
 0.28%"
BAJAJFINSV,25-May-23,"1,314.95",24.55,1.90%,"1,331.00
 								1,294.85","1,315.50","34,000
 								68",447.27,"88,500","4,000
 4.73%"
SYNGENE,27-Apr-23,581.10,-2.55,-0.44%,"587.60
 								580.50",583.18,"33,000
 								33",192.45,"97,000","11,000
 12.79%"
TORNTPHARM,27-Apr-23,"1,533.90",4.65,0.30%,"1,535.00
 								1,518.50","1,527.15","32,000
 								64",488.69,"27,000","3,000
 12.50%"
JUBLFOOD,25-May-23,452.95,1.70,0.38%,"454.35
 								443.00",449.55,"31,250
 								25",140.48,"135,000","18,750
 16.13%"
IEX,25-May-23,151.80,-0.50,-0.33%,"152.85
 								151.80",152.24,"30,000
 								8",45.67,"345,000","11,250
 3.37%"
TECHM,25-May-23,"1,116.50",5.65,0.51%,"1,124.00
 								1,112.65","1,117.13","29,400
 								49",328.44,"84,000","-3,600
 -4.11%"
ADANIENT,25-May-23,"1,833.00",-17.05,-0.92%,"1,864.00
 								1,830.00","1,842.84","29,250
 								117",539.03,"3,470,000","5,000
 0.14%"
NAVINFLUOR,27-Apr-23,"4,213.55",6.00,0.14%,"4,230.20
 								4,190.60","4,209.95","29,100
 								194","1,225.10","126,150","9,900
 8.52%"
NESTLEIND,29-Mar-23,"18,900.55",-43.35,-0.23%,"18,979.00
 								18,804.45","18,885.33","28,440
 								711","5,370.99","199,040","-6,160
 -3.00%"
RAIN,25-May-23,157.40,1.10,0.70%,"158.60
 								157.40",158.20,"28,000
 								8",44.30,"94,500","3,500
 3.85%"
BRITANNIA,27-Apr-23,"4,261.30",-33.25,-0.77%,"4,291.75
 								4,260.00","4,275.31","27,200
 								136","1,162.88","92,400","7,600
 8.96%"
ALKEM,27-Apr-23,"3,217.00",88.95,2.84%,"3,231.60
 								3,140.00","3,198.55","26,400
 								132",844.42,"17,000","10,600
 165.63%"
BPCL,25-May-23,356.90,-5.00,-1.38%,"358.50
 								356.90",357.56,"25,200
 								14",90.11,"70,200","-1,800
 -2.50%"
VOLTAS,25-May-23,854.05,3.95,0.46%,"859.00
 								846.50",851.28,"25,200
 								42",214.52,"79,800","0
 0.00%"
MUTHOOTFIN,25-May-23,953.90,-0.65,-0.07%,"957.00
 								952.95",954.25,"24,200
 								44",230.93,"122,650","0
 0.00%"
TCS,25-May-23,"3,168.70",19.10,0.61%,"3,176.95
 								3,149.20","3,162.30","23,100
 								132",730.49,"336,175","5,600
 1.69%"
OFSS,27-Apr-23,"3,240.75",40.10,1.25%,"3,242.95
 								3,210.10","3,224.06","21,000
 								105",677.05,"17,400","3,400
 24.29%"
PEL,25-May-23,685.35,-5.95,-0.86%,"698.95
 								683.00",688.77,"20,350
 								37",140.16,"140,250","2,200
 1.59%"
UBL,27-Apr-23,"1,450.55",6.55,0.45%,"1,455.00
 								1,441.60","1,448.42","19,600
 								49",283.89,"48,000","3,600
 8.11%"
KOTAKBANK,25-May-23,"1,729.40",-4.45,-0.26%,"1,734.00
 								1,720.00","1,727.65","19,200
 								48",331.71,"74,000","6,000
 8.82%"
HCLTECH,25-May-23,"1,080.50",-8.05,-0.74%,"1,102.90
 								1,080.50","1,087.22","18,900
 								27",205.48,"104,300","14,000
 15.50%"
EXIDEIND,25-May-23,180.95,0.45,0.25%,"181.75
 								180.95",181.57,"18,000
 								5",32.68,"136,800","3,600
 2.70%"
LICHSGFIN,25-May-23,345.00,-4.05,-1.16%,"347.80
 								345.00",346.30,"18,000
 								9",62.33,"78,000","16,000
 25.81%"
PETRONET,25-May-23,235.25,-2.55,-1.07%,"235.95
 								235.10",235.40,"18,000
 								6",42.37,"99,000","-6,000
 -5.71%"
APOLLOTYRE,25-May-23,319.00,-2.50,-0.78%,"319.35
 								318.90",319.07,"17,500
 								5",55.84,"70,000","7,000
 11.11%"
INDHOTEL,25-May-23,320.15,-3.40,-1.05%,"324.30
 								320.15",323.28,"16,000
 								8",51.72,"96,000","14,000
 17.07%"
IBULHSGFIN,27-Apr-23,101.80,0.05,0.05%,"101.80
 								100.70",101.07,"16,000
 								4",16.17,"5,796,000","-16,000
 -0.28%"
SHREECEM,27-Apr-23,"25,125.05",302.25,1.22%,"25,350.00
 								24,760.40","25,142.30","15,875
 								635","3,991.34","40,425","7,200
 21.67%"
SBICARD,25-May-23,726.00,4.85,0.67%,"728.50
 								721.50",724.84,"15,200
 								19",110.18,"68,000","-1,600
 -2.30%"
AUROPHARMA,25-May-23,485.80,9.70,2.04%,"486.00
 								475.10",480.29,"15,000
 								15",72.04,"58,000","-3,000
 -4.92%"
CUB,25-May-23,130.90,0.45,0.34%,"130.90
 								130.00",130.31,"15,000
 								3",19.55,"290,000","0
 0.00%"
PAGEIND,29-Mar-23,"38,624.95",318.20,0.83%,"38,793.40
 								38,324.95","38,586.98","14,415
 								961","5,562.31","124,755","-855
 -0.68%"
HINDCOPPER,25-May-23,99.55,-0.40,-0.40%,"99.60
 								99.55",99.58,"14,400
 								3",14.34,"187,200","4,800
 2.63%"
ABBOTINDIA,29-Mar-23,"21,540.00",216.60,1.02%,"21,724.00
 								21,243.10","21,507.22","14,200
 								355","3,054.03","44,480","-1,080
 -2.37%"
M&M,25-May-23,"1,182.75",1.75,0.15%,"1,198.15
 								1,181.00","1,188.22","14,000
 								20",166.35,"56,000","4,200
 8.11%"
JINDALSTEL,25-May-23,566.05,-0.90,-0.16%,"572.50
 								565.35",569.29,"13,750
 								11",78.28,"126,250","0
 0.00%"
LT,25-May-23,"2,234.00",-4.40,-0.20%,"2,266.00
 								2,234.00","2,252.18","13,200
 								44",297.29,"30,000","1,200
 4.17%"
BAJFINANCE,25-May-23,"5,905.00",108.95,1.88%,"5,933.20
 								5,831.55","5,890.64","13,000
 								104",765.78,"44,375","-750
 -1.66%"
TVSMOTOR,25-May-23,"1,057.00",2.00,0.19%,"1,075.90
 								1,057.00","1,067.05","12,600
 								18",134.45,"14,700","2,100
 16.67%"
BSOFT,25-May-23,276.20,3.15,1.15%,"277.80
 								275.15",276.47,"12,000
 								6",33.18,"38,000","0
 0.00%"
HDFCAMC,25-May-23,"1,798.75",14.00,0.78%,"1,803.00
 								1,780.65","1,794.15","11,700
 								39",209.92,"25,800","-1,800
 -6.52%"
ABCAPITAL,25-May-23,158.90,3.60,2.32%,"158.90
 								158.90",158.90,"10,800
 								2",17.16,"43,200","-5,400
 -11.11%"
HINDPETRO,25-May-23,248.05,1.55,0.63%,"248.85
 								247.00",248.05,"10,800
 								4",26.79,"56,700","0
 0.00%"
JSWSTEEL,25-May-23,671.20,-2.80,-0.42%,"679.00
 								670.00",672.01,"10,800
 								8",72.58,"45,900","0
 0.00%"
TATACONSUM,25-May-23,717.05,3.55,0.50%,"726.00
 								717.00",722.52,"10,800
 								12",78.03,"30,600","-2,700
 -8.11%"
ABFRL,25-May-23,220.00,-1.00,-0.45%,"222.75
 								220.00",221.57,"10,400
 								4",23.04,"119,600","2,600
 2.22%"
ATUL,29-Mar-23,"7,018.95",-42.80,-0.61%,"7,094.35
 								7,006.85","7,038.65","10,200
 								136",717.94,"149,625","450
 0.30%"
BERGEPAINT,25-May-23,589.00,-5.50,-0.93%,"597.00
 								589.00",594.74,"8,800
 								8",52.34,"34,100","4,400
 14.81%"
MGL,25-May-23,990.00,-9.40,-0.94%,"995.90
 								989.95",991.68,"8,800
 								11",87.27,"41,600","-2,400
 -5.45%"
LUPIN,25-May-23,671.80,9.25,1.40%,"671.80
 								661.20",667.16,"8,500
 								10",56.71,"29,750","1,700
 6.06%"
IGL,25-May-23,440.50,-5.50,-1.23%,"444.00
 								440.50",442.40,"8,250
 								6",36.50,"26,125","2,750
 11.76%"
BOSCHLTD,27-Apr-23,"18,432.85",29.55,0.16%,"18,624.85
 								18,379.00","18,492.82","7,750
 								155","1,433.19","11,500","2,550
 28.49%"
BHARTIARTL,25-May-23,768.55,-0.55,-0.07%,"769.50
 								765.65",767.96,"7,600
 								8",58.36,"39,900","1,900
 5.00%"
MPHASIS,25-May-23,"1,813.00",0.75,0.04%,"1,836.60
 								1,813.00","1,827.16","7,425
 								27",135.67,"19,800","2,200
 12.50%"
ZYDUSLIFE,25-May-23,485.60,0.65,0.13%,"485.60
 								483.30",484.65,"7,200
 								4",34.89,"84,600","1,800
 2.17%"
CUMMINSIND,25-May-23,"1,622.20",-12.85,-0.79%,"1,646.95
 								1,619.50","1,624.77","7,200
 								12",116.98,"47,400","-5,400
 -10.23%"
SHRIRAMFIN,25-May-23,"1,277.90",11.90,0.94%,"1,281.95
 								1,277.90","1,278.78","7,200
 								12",92.07,"8,400","6,000
 250.00%"
NESTLEIND,27-Apr-23,"18,922.40",-33.10,-0.17%,"18,988.60
 								18,840.70","18,900.36","7,080
 								177","1,338.15","12,880","2,320
 21.97%"
HONAUT,29-Mar-23,"35,566.10",96.60,0.27%,"36,060.00
 								35,050.00","35,643.53","7,020
 								468","2,502.18","20,385","-735
 -3.48%"
AUBANK,25-May-23,569.55,-1.20,-0.21%,"575.00
 								569.55",572.70,"7,000
 								7",40.09,"20,000","-1,000
 -4.76%"
HINDUNILVR,25-May-23,"2,517.85",13.00,0.52%,"2,517.85
 								2,495.35","2,507.89","6,900
 								23",173.04,"10,500","-2,700
 -20.45%"
GODREJPROP,25-May-23,"1,102.95",-13.05,-1.17%,"1,107.40
 								1,100.00","1,102.37","6,800
 								16",74.96,"16,575","2,975
 21.88%"
LTTS,25-May-23,"3,328.25",-38.80,-1.15%,"3,405.90
 								3,328.00","3,351.39","6,600
 								33",221.19,"17,800","2,800
 18.67%"
SIEMENS,25-May-23,"3,348.95",-4.70,-0.14%,"3,378.25
 								3,318.00","3,338.77","6,325
 								23",211.18,"51,425","1,100
 2.19%"
ICICIPRULI,25-May-23,433.80,11.80,2.80%,"434.00
 								431.75",433.13,"6,000
 								4",25.99,"34,500","6,000
 21.05%"
INDIACEM,25-May-23,184.80,0.85,0.46%,"184.90
 								184.80",184.85,"5,800
 								2",10.72,"46,400","2,900
 6.67%"
TITAN,25-May-23,"2,540.75",-11.25,-0.44%,"2,554.60
 								2,529.00","2,539.11","5,625
 								15",142.82,"21,750","0
 0.00%"
DELTACORP,25-May-23,197.90,0.15,0.08%,"199.00
 								197.90",198.45,"5,600
 								2",11.11,"53,200","-2,800
 -5.00%"
LAURUSLABS,25-May-23,309.10,1.90,0.62%,"310.00
 								308.00",309.08,"5,500
 								5",17.00,"95,700","5,500
 6.10%"
MFSL,25-May-23,651.00,11.00,1.72%,"660.00
 								648.00",655.36,"5,200
 								8",34.08,"3,250","650
 25.00%"
UPL,25-May-23,725.90,5.70,0.79%,"726.00
 								721.80",724.91,"5,200
 								4",37.70,"53,300","-1,300
 -2.38%"
SRF,25-May-23,"2,410.00",19.45,0.81%,"2,410.00
 								2,393.55","2,405.83","4,875
 								13",117.28,"9,750","-2,250
 -18.75%"
CROMPTON,25-May-23,295.45,-3.05,-1.02%,"297.70
 								295.45",296.31,"4,500
 								3",13.33,"54,000","1,500
 2.86%"
ASIANPAINT,25-May-23,"2,882.10",-2.25,-0.08%,"2,893.90
 								2,861.00","2,879.90","4,400
 								22",126.72,"20,000","1,600
 8.70%"
IRCTC,25-May-23,615.55,0.20,0.03%,"617.65
 								615.55",616.84,"4,375
 								5",26.99,"63,875","2,625
 4.29%"
MCDOWELL-N,25-May-23,785.20,9.20,1.19%,"788.30
 								785.00",786.42,"4,375
 								7",34.41,"50,000","1,250
 2.56%"
GLENMARK,25-May-23,441.40,-3.75,-0.84%,"441.40
 								439.50",440.76,"4,350
 								3",19.17,"33,350","0
 0.00%"
ATUL,27-Apr-23,"7,040.00",-49.95,-0.70%,"7,119.00
 								7,030.35","7,066.98","3,975
 								53",280.91,"5,550","600
 12.12%"
LTIM,25-May-23,"4,712.00",-12.65,-0.27%,"4,825.00
 								4,704.00","4,743.42","3,900
 								26",184.99,"7,350","1,950
 36.11%"
ONGC,25-May-23,154.10,0.65,0.42%,"154.10
 								154.10",154.10,"3,850
 								1",5.93,"103,950","3,850
 3.85%"
MRF,29-Mar-23,"84,450.00",489.60,0.58%,"84,637.55
 								83,769.70","84,302.54","3,800
 								380","3,203.50","49,390","-1,240
 -2.45%"
CHOLAFIN,25-May-23,760.25,-5.30,-0.69%,"769.15
 								760.20",763.20,"3,750
 								3",28.62,"10,000","2,500
 33.33%"
ABBOTINDIA,27-Apr-23,"21,578.60",204.55,0.96%,"21,777.65
 								21,350.00","21,591.00","3,720
 								93",803.19,"2,760","1,000
 56.82%"
MARICO,25-May-23,489.90,2.00,0.41%,"489.90
 								488.75",488.96,"3,600
 								3",17.60,"10,800","0
 0.00%"
AARTIIND,25-May-23,524.50,-4.55,-0.86%,"525.50
 								524.35",524.71,"3,400
 								4",17.84,"28,900","1,700
 6.25%"
ULTRACEMCO,25-May-23,"7,474.40",27.10,0.36%,"7,530.00
 								7,452.50","7,488.19","3,100
 								31",232.13,"6,200","1,300
 26.53%"
CONCOR,25-May-23,603.50,0.50,0.08%,"605.00
 								603.50",604.40,"3,000
 								3",18.13,"37,000","3,000
 8.82%"
MCX,25-May-23,"1,526.30",24.95,1.66%,"1,541.00
 								1,526.30","1,536.35","2,800
 								7",43.02,"6,000","1,600
 36.36%"
HAL,25-May-23,"2,668.00",-28.20,-1.05%,"2,696.20
 								2,660.05","2,679.58","2,700
 								9",72.35,"44,700","600
 1.36%"
HEROMOTOCO,25-May-23,"2,387.00",4.00,0.17%,"2,397.05
 								2,387.00","2,390.75","2,700
 								9",64.55,"12,000","-600
 -4.76%"
GUJGASLTD,25-May-23,505.00,0.00,0.00%,"505.00
 								505.00",505.00,"2,500
 								2",12.63,"7,500","1,250
 20.00%"
PIDILITIND,25-May-23,"2,413.20",8.65,0.36%,"2,425.95
 								2,401.00","2,408.12","2,500
 								10",60.20,"8,750","500
 6.06%"
HONAUT,27-Apr-23,"35,817.40",150.15,0.42%,"36,398.25
 								35,394.10","35,861.31","2,445
 								163",876.81,"2,445","195
 8.67%"
MARUTI,25-May-23,"8,369.80",9.80,0.12%,"8,400.00
 								8,350.00","8,366.50","2,300
 								23",192.43,"5,600","800
 16.67%"
SBILIFE,25-May-23,"1,133.70",33.70,3.06%,"1,133.70
 								1,112.25","1,126.55","2,250
 								3",25.35,"3,750","1,500
 66.67%"
FINNIFTY,25-Apr-23,"17,963.40",26.90,0.15%,"18,019.90
 								17,870.30","17,959.79","2,160
 								43",387.93,"3,200","880
 37.93%"
SUNPHARMA,25-May-23,982.00,12.95,1.34%,"982.00
 								971.85",977.71,"2,100
 								3",20.53,"10,500","700
 7.14%"
APOLLOHOSP,25-May-23,"4,340.90",-28.10,-0.64%,"4,340.90
 								4,270.35","4,305.73","2,000
 								16",86.11,"2,750","625
 29.41%"
LALPATHLAB,25-May-23,"1,814.35",19.80,1.10%,"1,829.25
 								1,814.35","1,820.46","2,000
 								8",36.41,"9,250","-750
 -7.50%"
TATACHEM,25-May-23,973.25,3.25,0.34%,"976.90
 								973.25",975.18,"2,000
 								4",19.50,"27,500","1,000
 3.77%"
UBL,25-May-23,"1,450.00",-8.70,-0.60%,"1,450.00
 								1,450.00","1,450.00","2,000
 								5",29.00,"4,000","2,000
 100.00%"
DIVISLAB,25-May-23,"2,833.40",18.40,0.65%,"2,833.40
 								2,818.25","2,826.68","1,950
 								13",55.12,"15,300","450
 3.03%"
PERSISTENT,25-May-23,"4,479.45",14.75,0.33%,"4,501.60
 								4,458.00","4,478.77","1,925
 								11",86.22,"4,725","0
 0.00%"
GRASIM,25-May-23,"1,633.65",43.65,2.75%,"1,633.65
 								1,633.65","1,633.65","1,900
 								4",31.04,"4,750","2,375
 100.00%"
POLYCAB,25-May-23,"2,855.00",12.50,0.44%,"2,874.00
 								2,855.00","2,864.11","1,800
 								6",51.55,"6,000","300
 5.26%"
PAGEIND,27-Apr-23,"38,775.00",259.60,0.67%,"39,000.00
 								38,607.50","38,828.10","1,755
 								117",681.43,"7,065","150
 2.17%"
ACC,25-May-23,"1,764.95",4.50,0.26%,"1,765.10
 								1,756.70","1,760.06","1,750
 								7",30.80,"22,500","0
 0.00%"
BAJAJ-AUTO,25-May-23,"3,926.00",4.40,0.11%,"3,926.00
 								3,901.90","3,913.54","1,750
 								7",68.49,"7,750","250
 3.33%"
EICHERMOT,25-May-23,"2,991.30",7.70,0.26%,"3,009.30
 								2,976.20","3,002.46","1,750
 								10",52.54,"8,575","875
 11.36%"
CHAMBLFERT,25-May-23,276.00,1.05,0.38%,"276.00
 								276.00",276.00,"1,500
 								1",4.14,"36,000","1,500
 4.35%"
INDIGO,25-May-23,"1,917.00",27.30,1.44%,"1,917.00
 								1,904.75","1,912.08","1,500
 								5",28.68,"8,100","0
 0.00%"
DALBHARAT,25-May-23,"1,852.95",-76.30,-3.95%,"1,852.95
 								1,852.40","1,852.58","1,500
 								3",27.79,"1,500","1,500
 0.00%"
SUNTV,25-May-23,443.50,8.95,2.06%,"443.50
 								443.50",443.50,"1,500
 								1",6.65,"10,500","0
 0.00%"
INDIAMART,25-May-23,"4,940.00",-61.15,-1.22%,"5,037.00
 								4,940.00","4,982.65","1,350
 								9",67.27,"3,150","300
 10.53%"
GNFC,25-May-23,543.30,-0.70,-0.13%,"543.30
 								543.30",543.30,"1,300
 								1",7.06,"26,000","0
 0.00%"
ABB,25-May-23,"3,318.00",-84.95,-2.50%,"3,325.00
 								3,318.00","3,321.00","1,250
 								5",41.51,"6,250","250
 4.17%"
MRF,27-Apr-23,"84,180.40",410.15,0.49%,"84,400.00
 								83,679.30","84,064.47","1,190
 								119","1,000.37","6,080","280
 4.83%"
ASTRAL,25-May-23,"1,355.30",25.30,1.90%,"1,355.30
 								1,350.00","1,353.01","1,101
 								4",14.90,"9,175","1,101
 13.64%"
BHARATFORG,25-May-23,791.90,0.90,0.11%,"791.90
 								791.90",791.90,"1,000
 								1",7.92,"13,000","1,000
 8.33%"
BATAINDIA,25-May-23,"1,435.05",4.05,0.28%,"1,435.50
 								1,435.00","1,435.18","825
 								3",11.84,"17,875","275
 1.56%"
BRITANNIA,25-May-23,"4,275.00",-32.55,-0.76%,"4,300.00
 								4,275.00","4,290.00","800
 								4",34.32,"6,400","-200
 -3.03%"
DEEPAKNTR,25-May-23,"1,823.00",11.20,0.62%,"1,826.00
 								1,822.00","1,823.66","750
 								3",13.68,"16,250","750
 4.84%"
IPCALAB,25-May-23,780.90,-8.10,-1.03%,"780.90
 								780.90",780.90,"650
 								1",5.08,"5,200","650
 14.29%"
DRREDDY,25-May-23,"4,530.00",36.95,0.82%,"4,530.00
 								4,503.00","4,524.60","625
 								5",28.28,"3,875","-375
 -8.82%"
DIXON,25-May-23,"2,916.85",-13.90,-0.47%,"2,940.00
 								2,908.55","2,924.44","625
 								5",18.28,"8,250","125
 1.54%"
HDFC,25-May-23,"2,611.50",-8.85,-0.34%,"2,611.50
 								2,603.45","2,607.47","600
 								2",15.64,"15,900","300
 1.92%"
COFORGE,25-May-23,"3,752.75",-28.40,-0.75%,"3,777.35
 								3,752.75","3,768.53","600
 								4",22.61,"6,000","300
 5.26%"
NAVINFLUOR,25-May-23,"4,205.00",-12.95,-0.31%,"4,213.40
 								4,202.85","4,208.66","600
 								4",25.25,"1,650","600
 57.14%"
ICICIGI,25-May-23,"1,098.00",-11.80,-1.06%,"1,098.00
 								1,098.00","1,098.00","425
 								1",4.67,"2,975","425
 16.67%"
PVR,25-May-23,"1,581.50",1.45,0.09%,"1,581.50
 								1,581.50","1,581.50","407
 								1",6.44,"15,466","0
 0.00%"
ALKEM,25-May-23,"3,180.00",-8.90,-0.28%,"3,180.00
 								3,175.00","3,177.50","400
 								2",12.71,800,"400
 100.00%"
NAUKRI,25-May-23,"3,542.00",32.00,0.91%,"3,560.00
 								3,542.00","3,550.66","375
 								3",13.31,"2,500","-125
 -4.76%"
ESCORTS,25-May-23,"1,899.35",-5.65,-0.30%,"1,899.35
 								1,899.35","1,899.35","275
 								1",5.22,"4,950","275
 5.88%"
FINNIFTY,30-May-23,"18,045.05",236.35,1.33%,"18,179.85
 								18,045.05","18,076.43","240
 								5",43.38,480,"80
 20.00%"
ABBOTINDIA,25-May-23,"21,700.00",620.00,2.94%,"21,700.00
 								21,600.00","21,633.33","120
 								3",25.96,200,"120
 150.00%"
PAGEIND,25-May-23,"39,110.00",98.25,0.25%,"39,110.00
 								38,789.65","38,986.45","60
 								4",23.39,285,"0
 0.00%"
NESTLEIND,25-May-23,"19,086.20",-114.80,-0.60%,"19,086.20
 								19,086.20","19,086.20","40
 								1",7.63,400,"40
 11.11%"
MRF,25-May-23,"83,879.65",79.65,0.10%,"83,879.65
 								83,879.65","83,879.65","10
 								1",8.39,370,"10
 2.78%"
